Forecast_Id,Confirmed_Cases,Fatalities
1,7,0
2,7,0
3,11,0
4,16,0
5,21,0
6,22,0
7,22,0
8,22,0
9,24,0
10,24,0
11,40,1
12,40,1
13,74,1
14,74,1
15,74,1
16,74,1
17,74,1
18,74,1
19,74,1
20,74,1
21,4,0
22,4,0
23,4,0
24,4,0
25,4,0
26,4,0
27,4,0
28,23,1
29,33,1
30,38,1
31,42,1
32,51,1
33,55,1
34,59,2
35,64,2
36,70,2
37,76,2
38,89,2
39,104,4
40,123,5
41,123,5
42,123,5
43,123,5
44,123,5
45,123,5
46,123,5
47,123,5
48,2,0
49,2,0
50,2,0
51,2,0
52,2,0
53,2,0
54,2,0
55,24,1
56,26,2
57,37,3
58,48,4
59,54,4
60,60,4
61,74,7
62,87,9
63,90,11
64,139,15
65,201,17
66,230,17
67,264,19
68,264,19
69,264,19
70,264,19
71,264,19
72,264,19
73,264,19
74,264,19
75,20,0
76,20,0
77,20,0
78,20,0
79,20,0
80,20,0
81,20,0
82,1,0
83,1,0
84,1,0
85,1,0
86,2,0
87,39,0
88,39,0
89,53,0
90,75,0
91,88,0
92,113,1
93,133,1
94,164,1
95,164,1
96,164,1
97,164,1
98,164,1
99,164,1
100,164,1
101,164,1
102,1,0
103,1,0
104,1,0
105,1,0
106,1,0
107,1,0
108,1,0
109,0,0
110,1,0
111,1,0
112,1,0
113,1,0
114,1,0
115,1,0
116,1,0
117,1,0
118,1,0
119,1,0
120,3,0
121,3,0
122,3,0
123,3,0
124,3,0
125,3,0
126,3,0
127,3,0
128,3,0
129,0,0
130,0,0
131,0,0
132,0,0
133,0,0
134,0,0
135,0,0
136,19,1
137,31,2
138,34,2
139,45,2
140,56,2
141,68,2
142,79,2
143,97,3
144,128,3
145,158,4
146,225,4
147,266,4
148,387,6
149,387,6
150,387,6
151,387,6
152,387,6
153,387,6
154,387,6
155,387,6
156,12,1
157,12,1
158,12,1
159,12,1
160,12,1
161,12,1
162,12,1
163,4,0
164,8,0
165,18,0
166,26,0
167,52,0
168,78,0
169,84,0
170,115,0
171,136,0
172,160,0
173,194,0
174,235,0
175,249,0
176,249,0
177,249,0
178,249,0
179,249,0
180,249,0
181,249,0
182,249,0
183,1,0
184,1,0
185,1,0
186,1,0
187,1,0
188,1,0
189,1,0
190,0,0
191,1,0
192,1,0
193,1,0
194,2,0
195,2,0
196,3,0
197,4,0
198,6,0
199,9,0
200,19,0
201,32,0
202,39,0
203,39,0
204,39,0
205,39,0
206,39,0
207,39,0
208,39,0
209,39,0
210,0,0
211,0,0
212,0,0
213,0,0
214,0,0
215,0,0
216,0,0
217,65,2
218,92,2
219,112,2
220,134,2
221,171,2
222,210,4
223,267,5
224,307,5
225,353,6
226,436,6
227,533,6
228,669,6
229,818,7
230,818,7
231,818,7
232,818,7
233,818,7
234,818,7
235,818,7
236,818,7
237,48,2
238,48,2
239,48,2
240,48,2
241,48,2
242,48,2
243,48,2
244,1,0
245,1,0
246,1,0
247,1,0
248,1,0
249,1,0
250,1,0
251,1,0
252,3,0
253,3,0
254,3,0
255,5,0
256,6,0
257,6,0
258,6,0
259,6,0
260,6,0
261,6,0
262,6,0
263,6,0
264,0,0
265,0,0
266,0,0
267,0,0
268,0,0
269,0,0
270,0,0
271,20,0
272,35,0
273,46,0
274,61,0
275,68,0
276,78,0
277,94,0
278,144,0
279,184,0
280,221,0
281,221,0
282,319,0
283,397,0
284,397,0
285,397,0
286,397,0
287,397,0
288,397,0
289,397,0
290,397,0
291,15,0
292,15,0
293,15,0
294,15,0
295,15,0
296,15,0
297,15,0
298,9,0
299,16,0
300,19,0
301,20,0
302,29,0
303,29,0
304,37,0
305,42,0
306,50,0
307,67,0
308,100,0
309,134,0
310,170,0
311,170,0
312,170,0
313,170,0
314,170,0
315,170,0
316,170,0
317,170,0
318,7,0
319,7,0
320,7,0
321,7,0
322,7,0
323,7,0
324,7,0
325,3,0
326,5,0
327,5,0
328,6,0
329,7,0
330,7,0
331,10,0
332,10,0
333,10,0
334,16,0
335,22,0
336,28,0
337,28,0
338,28,0
339,28,0
340,28,0
341,28,0
342,28,0
343,28,0
344,28,0
345,2,0
346,2,0
347,2,0
348,2,0
349,2,0
350,2,0
351,2,0
352,21,0
353,36,0
354,49,0
355,57,0
356,71,0
357,94,0
358,121,0
359,121,0
360,121,0
361,229,0
362,296,0
363,355,0
364,411,0
365,411,0
366,411,0
367,411,0
368,411,0
369,411,0
370,411,0
371,411,0
372,15,0
373,15,0
374,15,0
375,15,0
376,15,0
377,15,0
378,15,0
379,9,1
380,14,1
381,17,1
382,17,1
383,28,1
384,31,1
385,35,1
386,52,1
387,64,1
388,90,1
389,120,1
390,140,1
391,175,1
392,175,1
393,175,1
394,175,1
395,175,1
396,175,1
397,175,1
398,175,1
399,4,1
400,4,1
401,4,1
402,4,1
403,4,1
404,4,1
405,4,1
406,302,1
407,504,1
408,655,1
409,860,1
410,1018,3
411,1332,3
412,1646,4
413,2013,6
414,2388,6
415,2814,8
416,3244,16
417,4474,21
418,5283,28
419,5283,28
420,5283,28
421,5283,28
422,5283,28
423,5283,28
424,5283,28
425,5283,28
426,131,0
427,131,0
428,131,0
429,131,0
430,131,0
431,131,0
432,131,0
433,11,0
434,15,1
435,15,1
436,23,1
437,15,1
438,28,1
439,28,1
440,44,1
441,44,1
442,53,1
443,65,1
444,72,1
445,87,1
446,87,1
447,87,1
448,87,1
449,87,1
450,87,1
451,87,1
452,87,1
453,9,0
454,9,0
455,9,0
456,9,0
457,9,0
458,9,0
459,9,0
460,195,0
461,189,0
462,210,0
463,214,0
464,214,1
465,228,1
466,256,1
467,278,1
468,285,1
469,305,1
470,332,2
471,377,2
472,392,3
473,392,3
474,392,3
475,392,3
476,392,3
477,392,3
478,392,3
479,392,3
480,95,0
481,95,0
482,95,0
483,95,0
484,95,0
485,95,0
486,95,0
487,3,0
488,3,0
489,3,0
490,5,0
491,8,0
492,10,0
493,14,1
494,17,1
495,20,1
496,25,2
497,27,2
498,33,3
499,39,4
500,39,4
501,39,4
502,39,4
503,39,4
504,39,4
505,39,4
506,39,4
507,3,0
508,3,0
509,3,0
510,3,0
511,3,0
512,3,0
513,3,0
514,0,0
515,0,0
516,0,0
517,0,0
518,0,0
519,2,0
520,2,0
521,5,0
522,5,0
523,6,0
524,14,0
525,17,0
526,18,0
527,18,0
528,18,0
529,18,0
530,18,0
531,18,0
532,18,0
533,18,0
534,0,0
535,0,0
536,0,0
537,0,0
538,0,0
539,0,0
540,0,0
541,12,0
542,27,0
543,27,0
544,27,0
545,36,0
546,36,0
547,51,0
548,51,0
549,69,0
550,76,0
551,76,0
552,81,0
553,81,0
554,81,0
555,81,0
556,81,0
557,81,0
558,81,0
559,81,0
560,81,0
561,6,0
562,6,0
563,6,0
564,6,0
565,6,0
566,6,0
567,6,0
568,314,3
569,559,3
570,689,4
571,886,4
572,1058,5
573,1243,10
574,1486,14
575,1795,21
576,2257,37
577,2815,67
578,3401,75
579,3743,88
580,4269,122
581,4269,122
582,4269,122
583,4269,122
584,4269,122
585,4269,122
586,4269,122
587,4269,122
588,239,0
589,239,0
590,239,0
591,239,0
592,239,0
593,239,0
594,239,0
595,0,0
596,0,0
597,0,0
598,0,0
599,1,0
600,1,0
601,2,0
602,2,0
603,2,0
604,2,0
605,2,0
606,5,0
607,6,0
608,6,0
609,6,0
610,6,0
611,6,0
612,6,0
613,6,0
614,6,0
615,0,0
616,0,0
617,0,0
618,0,0
619,0,0
620,0,0
621,0,0
622,1,0
623,1,0
624,1,0
625,1,0
626,1,0
627,1,0
628,1,0
629,1,0
630,2,0
631,2,0
632,2,0
633,2,0
634,2,0
635,2,0
636,2,0
637,2,0
638,2,0
639,2,0
640,2,0
641,2,0
642,1,0
643,1,0
644,1,0
645,1,0
646,1,0
647,1,0
648,1,0
649,2,0
650,3,0
651,10,0
652,10,0
653,11,0
654,11,0
655,12,0
656,12,0
657,15,0
658,19,0
659,24,0
660,27,0
661,29,0
662,29,0
663,29,0
664,29,0
665,29,0
666,29,0
667,29,0
668,29,0
669,0,0
670,0,0
671,0,0
672,0,0
673,0,0
674,0,0
675,0,0
676,11,0
677,13,0
678,18,0
679,24,0
680,25,0
681,26,0
682,38,0
683,63,0
684,89,0
685,93,1
686,126,1
687,132,1
688,166,3
689,166,3
690,166,3
691,166,3
692,166,3
693,166,3
694,166,3
695,166,3
696,3,0
697,3,0
698,3,0
699,3,0
700,3,0
701,3,0
702,3,0
703,52,0
704,151,0
705,151,0
706,162,0
707,200,0
708,321,1
709,372,3
710,621,6
711,793,11
712,1021,15
713,1593,25
714,1924,34
715,2247,46
716,2247,46
717,2247,46
718,2247,46
719,2247,46
720,2247,46
721,2247,46
722,2247,46
723,25,0
724,25,0
725,25,0
726,25,0
727,25,0
728,25,0
729,25,0
730,11,0
731,37,0
732,40,0
733,50,0
734,54,0
735,56,0
736,68,0
737,75,0
738,78,0
739,83,0
740,88,0
741,91,0
742,104,0
743,104,0
744,104,0
745,104,0
746,104,0
747,104,0
748,104,0
749,104,0
750,1,0
751,1,0
752,1,0
753,1,0
754,1,0
755,1,0
756,1,0
757,7,1
758,23,1
759,41,2
760,51,2
761,52,2
762,67,2
763,92,2
764,94,3
765,127,3
766,163,3
767,187,3
768,201,3
769,218,3
770,218,3
771,218,3
772,218,3
773,218,3
774,218,3
775,218,3
776,218,3
777,4,0
778,4,0
779,4,0
780,4,0
781,4,0
782,4,0
783,4,0
784,2,0
785,2,0
786,2,0
787,3,0
788,15,0
789,15,0
790,20,1
791,33,1
792,40,1
793,64,2
794,75,4
795,99,4
796,114,4
797,114,4
798,114,4
799,114,4
800,114,4
801,114,4
802,114,4
803,114,4
804,0,0
805,0,0
806,0,0
807,0,0
808,0,0
809,0,0
810,0,0
811,3,0
812,5,0
813,7,0
814,7,0
815,7,0
816,33,0
817,35,0
818,37,0
819,51,0
820,53,0
821,84,0
822,87,0
823,91,0
824,91,0
825,91,0
826,91,0
827,91,0
828,91,0
829,91,0
830,91,0
831,2,0
832,2,0
833,2,0
834,2,0
835,2,0
836,2,0
837,2,0
838,0,0
839,0,0
840,0,0
841,0,0
842,0,0
843,0,0
844,0,0
845,0,0
846,0,0
847,0,0
848,0,0
849,0,0
850,0,0
851,0,0
852,0,0
853,0,0
854,0,0
855,0,0
856,0,0
857,0,0
858,0,0
859,0,0
860,0,0
861,0,0
862,0,0
863,0,0
864,0,0
865,19,0
866,29,0
867,29,0
868,39,0
869,56,0
870,74,0
871,97,0
872,119,0
873,146,1
874,195,1
875,259,1
876,301,1
877,359,1
878,359,1
879,359,1
880,359,1
881,359,1
882,359,1
883,359,1
884,359,1
885,7,0
886,7,0
887,7,0
888,7,0
889,7,0
890,7,0
891,7,0
892,46,1
893,64,1
894,64,1
895,73,1
896,103,4
897,103,4
898,186,7
899,231,7
900,271,8
901,424,10
902,424,10
903,472,13
904,617,13
905,617,13
906,617,13
907,617,13
908,617,13
909,617,13
910,617,13
911,617,13
912,32,1
913,32,1
914,32,1
915,32,1
916,32,1
917,32,1
918,32,1
919,0,0
920,4,0
921,4,0
922,4,0
923,7,0
924,8,0
925,15,0
926,17,0
927,17,0
928,18,0
929,19,0
930,20,0
931,21,0
932,21,0
933,21,0
934,21,0
935,21,0
936,21,0
937,21,0
938,21,0
939,0,0
940,0,0
941,0,0
942,0,0
943,0,0
944,0,0
945,0,0
946,1,0
947,1,0
948,1,0
949,2,0
950,6,0
951,8,0
952,11,0
953,11,0
954,11,0
955,17,0
956,17,0
957,17,0
958,18,0
959,18,0
960,18,0
961,18,0
962,18,0
963,18,0
964,18,0
965,18,0
966,0,0
967,0,0
968,0,0
969,0,0
970,0,0
971,0,0
972,0,0
973,0,0
974,0,0
975,0,0
976,1,0
977,1,0
978,3,0
979,3,0
980,3,0
981,4,0
982,6,0
983,6,0
984,24,0
985,35,0
986,35,0
987,35,0
988,35,0
989,35,0
990,35,0
991,35,0
992,35,0
993,0,0
994,0,0
995,0,0
996,0,0
997,0,0
998,0,0
999,0,0
1000,0,0
1001,0,0
1002,0,0
1003,0,0
1004,0,0
1005,0,0
1006,0,0
1007,0,0
1008,0,0
1009,0,0
1010,0,0
1011,0,0
1012,0,0
1013,0,0
1014,0,0
1015,0,0
1016,0,0
1017,0,0
1018,0,0
1019,0,0
1020,0,0
1021,0,0
1022,0,0
1023,0,0
1024,0,0
1025,0,0
1026,0,0
1027,42,0
1028,74,0
1029,79,0
1030,104,0
1031,177,0
1032,185,1
1033,221,1
1034,257,1
1035,308,2
1036,377,3
1037,425,5
1038,503,6
1039,588,7
1040,588,7
1041,588,7
1042,588,7
1043,588,7
1044,588,7
1045,588,7
1046,588,7
1047,34,0
1048,34,0
1049,34,0
1050,34,0
1051,34,0
1052,34,0
1053,34,0
1054,0,0
1055,0,0
1056,0,0
1057,1,0
1058,1,0
1059,1,0
1060,1,0
1061,2,0
1062,2,0
1063,2,0
1064,2,0
1065,3,0
1066,3,0
1067,3,0
1068,3,0
1069,3,0
1070,3,0
1071,3,0
1072,3,0
1073,3,0
1074,0,0
1075,0,0
1076,0,0
1077,0,0
1078,0,0
1079,0,0
1080,0,0
1081,9,0
1082,17,0
1083,17,0
1084,24,0
1085,50,0
1086,74,0
1087,94,0
1088,121,1
1089,139,1
1090,181,5
1091,219,5
1092,628,4
1093,1013,4
1094,1013,4
1095,1013,4
1096,1013,4
1097,1013,4
1098,1013,4
1099,1013,4
1100,1013,4
1101,4,0
1102,4,0
1103,4,0
1104,4,0
1105,4,0
1106,4,0
1107,4,0
1108,0,0
1109,2,0
1110,2,0
1111,2,0
1112,7,0
1113,7,0
1114,8,0
1115,16,0
1116,20,0
1117,26,0
1118,52,0
1119,66,0
1120,72,0
1121,72,0
1122,72,0
1123,72,0
1124,72,0
1125,72,0
1126,72,0
1127,72,0
1128,0,0
1129,0,0
1130,0,0
1131,0,0
1132,0,0
1133,0,0
1134,0,0
1135,0,0
1136,0,0
1137,0,0
1138,1,0
1139,1,0
1140,1,0
1141,1,0
1142,1,0
1143,3,0
1144,3,0
1145,3,0
1146,3,0
1147,3,0
1148,3,0
1149,3,0
1150,3,0
1151,3,0
1152,3,0
1153,3,0
1154,3,0
1155,0,0
1156,0,0
1157,0,0
1158,0,0
1159,0,0
1160,0,0
1161,0,0
1162,23,0
1163,43,0
1164,61,0
1165,74,0
1166,155,0
1167,201,0
1168,238,0
1169,238,0
1170,434,0
1171,537,0
1172,632,1
1173,746,2
1174,922,2
1175,922,2
1176,922,2
1177,922,2
1178,922,2
1179,922,2
1180,922,2
1181,922,2
1182,8,0
1183,8,0
1184,8,0
1185,8,0
1186,8,0
1187,8,0
1188,8,0
1189,990,6
1190,990,6
1191,990,6
1192,990,6
1193,990,6
1194,990,6
1195,990,6
1196,990,6
1197,990,6
1198,990,6
1199,990,6
1200,990,6
1201,990,6
1202,990,6
1203,990,6
1204,990,6
1205,990,6
1206,990,6
1207,990,6
1208,990,6
1209,990,6
1210,990,6
1211,990,6
1212,990,6
1213,990,6
1214,990,6
1215,990,6
1216,435,8
1217,436,8
1218,437,8
1219,442,8
1220,452,8
1221,456,8
1222,469,8
1223,480,8
1224,491,8
1225,504,8
1226,514,8
1227,537,8
1228,558,8
1229,558,8
1230,558,8
1231,558,8
1232,558,8
1233,558,8
1234,558,8
1235,558,8
1236,428,8
1237,428,8
1238,428,8
1239,428,8
1240,428,8
1241,428,8
1242,428,8
1243,576,6
1244,576,6
1245,576,6
1246,576,6
1247,576,6
1248,576,6
1249,576,6
1250,576,6
1251,576,6
1252,576,6
1253,577,6
1254,577,6
1255,578,6
1256,578,6
1257,578,6
1258,578,6
1259,578,6
1260,578,6
1261,578,6
1262,578,6
1263,576,6
1264,576,6
1265,576,6
1266,576,6
1267,576,6
1268,576,6
1269,576,6
1270,296,1
1271,296,1
1272,296,1
1273,296,1
1274,296,1
1275,296,1
1276,296,1
1277,296,1
1278,299,1
1279,303,1
1280,307,1
1281,313,1
1282,318,1
1283,318,1
1284,318,1
1285,318,1
1286,318,1
1287,318,1
1288,318,1
1289,318,1
1290,296,1
1291,296,1
1292,296,1
1293,296,1
1294,296,1
1295,296,1
1296,296,1
1297,127,2
1298,127,2
1299,129,2
1300,133,2
1301,133,2
1302,133,2
1303,133,2
1304,134,2
1305,134,2
1306,134,2
1307,136,2
1308,136,2
1309,136,2
1310,136,2
1311,136,2
1312,136,2
1313,136,2
1314,136,2
1315,136,2
1316,136,2
1317,124,2
1318,124,2
1319,124,2
1320,124,2
1321,124,2
1322,124,2
1323,124,2
1324,1356,8
1325,1356,8
1326,1356,8
1327,1360,8
1328,1361,8
1329,1364,8
1330,1370,8
1331,1378,8
1332,1395,8
1333,1400,8
1334,1407,8
1335,1415,8
1336,1428,8
1337,1428,8
1338,1428,8
1339,1428,8
1340,1428,8
1341,1428,8
1342,1428,8
1343,1428,8
1344,1352,8
1345,1352,8
1346,1352,8
1347,1352,8
1348,1352,8
1349,1352,8
1350,1352,8
1351,252,2
1352,252,2
1353,252,2
1354,252,2
1355,252,2
1356,253,2
1357,253,2
1358,253,2
1359,254,2
1360,254,2
1361,254,2
1362,254,2
1363,254,2
1364,254,2
1365,254,2
1366,254,2
1367,254,2
1368,254,2
1369,254,2
1370,254,2
1371,252,2
1372,252,2
1373,252,2
1374,252,2
1375,252,2
1376,252,2
1377,252,2
1378,146,2
1379,146,2
1380,146,2
1381,146,2
1382,146,2
1383,147,2
1384,146,2
1385,146,2
1386,146,2
1387,146,2
1388,146,2
1389,146,2
1390,146,2
1391,146,2
1392,146,2
1393,146,2
1394,146,2
1395,146,2
1396,146,2
1397,146,2
1398,146,2
1399,146,2
1400,146,2
1401,146,2
1402,146,2
1403,146,2
1404,146,2
1405,168,6
1406,168,6
1407,168,6
1408,168,6
1409,168,6
1410,168,6
1411,168,6
1412,168,6
1413,168,6
1414,168,6
1415,168,6
1416,168,6
1417,168,6
1418,168,6
1419,168,6
1420,168,6
1421,168,6
1422,168,6
1423,168,6
1424,168,6
1425,168,6
1426,168,6
1427,168,6
1428,168,6
1429,168,6
1430,168,6
1431,168,6
1432,318,6
1433,318,6
1434,318,6
1435,318,6
1436,318,6
1437,318,6
1438,318,6
1439,318,6
1440,318,6
1441,318,6
1442,319,6
1443,319,6
1444,319,6
1445,319,6
1446,319,6
1447,319,6
1448,319,6
1449,319,6
1450,319,6
1451,319,6
1452,318,6
1453,318,6
1454,318,6
1455,318,6
1456,318,6
1457,318,6
1458,318,6
1459,0,0
1460,0,0
1461,0,0
1462,0,0
1463,0,0
1464,0,0
1465,0,0
1466,0,0
1467,0,0
1468,0,0
1469,0,0
1470,0,0
1471,0,0
1472,0,0
1473,0,0
1474,0,0
1475,0,0
1476,0,0
1477,0,0
1478,0,0
1479,0,0
1480,0,0
1481,0,0
1482,0,0
1483,0,0
1484,0,0
1485,0,0
1486,0,0
1487,0,0
1488,0,0
1489,0,0
1490,0,0
1491,0,0
1492,0,0
1493,0,0
1494,0,0
1495,0,0
1496,0,0
1497,0,0
1498,0,0
1499,0,0
1500,0,0
1501,0,0
1502,0,0
1503,0,0
1504,0,0
1505,0,0
1506,0,0
1507,0,0
1508,0,0
1509,0,0
1510,0,0
1511,0,0
1512,0,0
1513,129,3
1514,134,4
1515,140,4
1516,145,4
1517,155,4
1518,162,4
1519,181,4
1520,208,4
1521,256,4
1522,273,4
1523,317,4
1524,356,4
1525,386,4
1526,386,4
1527,386,4
1528,386,4
1529,386,4
1530,386,4
1531,386,4
1532,386,4
1533,115,3
1534,115,3
1535,115,3
1536,115,3
1537,115,3
1538,115,3
1539,115,3
1540,67781,3056
1541,67786,3062
1542,67790,3075
1543,67794,3085
1544,67798,3099
1545,67799,3111
1546,67800,3122
1547,67800,3130
1548,67800,3133
1549,67800,3139
1550,67800,3144
1551,67800,3153
1552,67801,3160
1553,67801,3160
1554,67801,3160
1555,67801,3160
1556,67801,3160
1557,67801,3160
1558,67801,3160
1559,67801,3160
1560,67743,3008
1561,67743,3008
1562,67743,3008
1563,67743,3008
1564,67743,3008
1565,67743,3008
1566,67743,3008
1567,1018,4
1568,1018,4
1569,1018,4
1570,1018,4
1571,1018,4
1572,1018,4
1573,1018,4
1574,1018,4
1575,1018,4
1576,1018,4
1577,1018,4
1578,1018,4
1579,1018,4
1580,1018,4
1581,1018,4
1582,1018,4
1583,1018,4
1584,1018,4
1585,1018,4
1586,1018,4
1587,1018,4
1588,1018,4
1589,1018,4
1590,1018,4
1591,1018,4
1592,1018,4
1593,1018,4
1594,75,1
1595,75,1
1596,75,1
1597,75,1
1598,75,1
1599,75,1
1600,75,1
1601,75,1
1602,75,1
1603,75,1
1604,75,1
1605,75,1
1606,75,1
1607,75,1
1608,75,1
1609,75,1
1610,75,1
1611,75,1
1612,75,1
1613,75,1
1614,75,1
1615,75,1
1616,75,1
1617,75,1
1618,75,1
1619,75,1
1620,75,1
1621,631,0
1622,631,0
1623,631,0
1624,631,0
1625,631,0
1626,631,0
1627,631,0
1628,631,0
1629,631,0
1630,631,0
1631,633,0
1632,633,0
1633,636,0
1634,636,0
1635,636,0
1636,636,0
1637,636,0
1638,636,0
1639,636,0
1640,636,0
1641,631,0
1642,631,0
1643,631,0
1644,631,0
1645,631,0
1646,631,0
1647,631,0
1648,935,1
1649,935,1
1650,935,1
1651,935,1
1652,935,1
1653,935,1
1654,935,1
1655,935,1
1656,935,1
1657,935,1
1658,936,1
1659,936,1
1660,936,1
1661,936,1
1662,936,1
1663,936,1
1664,936,1
1665,936,1
1666,936,1
1667,936,1
1668,935,1
1669,935,1
1670,935,1
1671,935,1
1672,935,1
1673,935,1
1674,935,1
1675,93,1
1676,93,1
1677,93,1
1678,93,1
1679,93,1
1680,93,1
1681,93,1
1682,93,1
1683,93,1
1684,93,1
1685,93,1
1686,93,1
1687,93,1
1688,93,1
1689,93,1
1690,93,1
1691,93,1
1692,93,1
1693,93,1
1694,93,1
1695,93,1
1696,93,1
1697,93,1
1698,93,1
1699,93,1
1700,93,1
1701,93,1
1702,125,1
1703,125,1
1704,125,1
1705,125,1
1706,125,1
1707,125,1
1708,125,1
1709,125,1
1710,126,2
1711,126,2
1712,126,2
1713,127,2
1714,127,2
1715,127,2
1716,127,2
1717,127,2
1718,127,2
1719,127,2
1720,127,2
1721,127,2
1722,125,1
1723,125,1
1724,125,1
1725,125,1
1726,125,1
1727,125,1
1728,125,1
1729,10,0
1730,10,0
1731,10,0
1732,10,0
1733,11,0
1734,12,0
1735,15,0
1736,17,0
1737,17,0
1738,18,0
1739,20,0
1740,24,0
1741,25,0
1742,25,0
1743,25,0
1744,25,0
1745,25,0
1746,25,0
1747,25,0
1748,25,0
1749,10,0
1750,10,0
1751,10,0
1752,10,0
1753,10,0
1754,10,0
1755,10,0
1756,75,0
1757,75,0
1758,75,0
1759,75,0
1760,75,0
1761,75,0
1762,75,0
1763,75,0
1764,75,0
1765,75,0
1766,75,0
1767,75,0
1768,75,0
1769,75,0
1770,75,0
1771,75,0
1772,75,0
1773,75,0
1774,75,0
1775,75,0
1776,75,0
1777,75,0
1778,75,0
1779,75,0
1780,75,0
1781,75,0
1782,75,0
1783,18,0
1784,18,0
1785,18,0
1786,18,0
1787,18,0
1788,18,0
1789,18,0
1790,18,0
1791,18,0
1792,18,0
1793,18,0
1794,18,0
1795,18,0
1796,18,0
1797,18,0
1798,18,0
1799,18,0
1800,18,0
1801,18,0
1802,18,0
1803,18,0
1804,18,0
1805,18,0
1806,18,0
1807,18,0
1808,18,0
1809,18,0
1810,245,2
1811,245,2
1812,245,2
1813,245,2
1814,245,2
1815,246,3
1816,246,3
1817,246,3
1818,247,3
1819,248,3
1820,248,3
1821,248,3
1822,249,3
1823,249,3
1824,249,3
1825,249,3
1826,249,3
1827,249,3
1828,249,3
1829,249,3
1830,245,1
1831,245,1
1832,245,1
1833,245,1
1834,245,1
1835,245,1
1836,245,1
1837,760,6
1838,760,7
1839,760,7
1840,760,7
1841,760,7
1842,761,7
1843,761,7
1844,761,7
1845,762,7
1846,764,7
1847,766,7
1848,768,7
1849,768,7
1850,768,7
1851,768,7
1852,768,7
1853,768,7
1854,768,7
1855,768,7
1856,768,7
1857,758,6
1858,758,6
1859,758,6
1860,758,6
1861,758,6
1862,758,6
1863,758,6
1864,0,0
1865,0,0
1866,0,0
1867,0,0
1868,0,0
1869,0,0
1870,0,0
1871,0,0
1872,0,0
1873,0,0
1874,0,0
1875,0,0
1876,0,0
1877,0,0
1878,0,0
1879,0,0
1880,0,0
1881,0,0
1882,0,0
1883,0,0
1884,0,0
1885,0,0
1886,0,0
1887,0,0
1888,0,0
1889,0,0
1890,0,0
1891,133,0
1892,133,0
1893,133,0
1894,133,0
1895,133,0
1896,133,0
1897,133,0
1898,133,0
1899,133,0
1900,133,0
1901,133,0
1902,133,0
1903,134,0
1904,134,0
1905,134,0
1906,134,0
1907,134,0
1908,134,0
1909,134,0
1910,134,0
1911,133,0
1912,133,0
1913,133,0
1914,133,0
1915,133,0
1916,133,0
1917,133,0
1918,539,3
1919,539,3
1920,539,3
1921,539,3
1922,539,3
1923,540,3
1924,540,3
1925,540,3
1926,541,3
1927,542,3
1928,543,3
1929,543,3
1930,545,3
1931,545,3
1932,545,3
1933,545,3
1934,545,3
1935,545,3
1936,545,3
1937,545,3
1938,539,3
1939,539,3
1940,539,3
1941,539,3
1942,539,3
1943,539,3
1944,539,3
1945,136,3
1946,136,3
1947,136,3
1948,136,3
1949,136,3
1950,136,3
1951,136,3
1952,137,3
1953,137,3
1954,137,3
1955,137,3
1956,141,3
1957,145,3
1958,145,3
1959,145,3
1960,145,3
1961,145,3
1962,145,3
1963,145,3
1964,145,3
1965,136,3
1966,136,3
1967,136,3
1968,136,3
1969,136,3
1970,136,3
1971,136,3
1972,1,0
1973,1,0
1974,1,0
1975,1,0
1976,1,0
1977,1,0
1978,1,0
1979,1,0
1980,1,0
1981,1,0
1982,1,0
1983,1,0
1984,1,0
1985,1,0
1986,1,0
1987,1,0
1988,1,0
1989,1,0
1990,1,0
1991,1,0
1992,1,0
1993,1,0
1994,1,0
1995,1,0
1996,1,0
1997,1,0
1998,1,0
1999,76,3
2000,76,3
2001,76,3
2002,76,3
2003,76,3
2004,76,3
2005,76,3
2006,76,3
2007,76,3
2008,76,3
2009,76,3
2010,76,3
2011,76,3
2012,76,3
2013,76,3
2014,76,3
2015,76,3
2016,76,3
2017,76,3
2018,76,3
2019,76,3
2020,76,3
2021,76,3
2022,76,3
2023,76,3
2024,76,3
2025,76,3
2026,0,0
2027,0,0
2028,0,0
2029,0,0
2030,0,0
2031,0,0
2032,0,0
2033,0,0
2034,0,0
2035,0,0
2036,0,0
2037,0,0
2038,0,0
2039,0,0
2040,0,0
2041,0,0
2042,0,0
2043,0,0
2044,0,0
2045,0,0
2046,0,0
2047,0,0
2048,0,0
2049,0,0
2050,0,0
2051,0,0
2052,0,0
2053,1215,1
2054,1215,1
2055,1227,1
2056,1231,1
2057,1231,1
2058,1232,1
2059,1232,1
2060,1233,1
2061,1234,1
2062,1236,1
2063,1237,1
2064,1238,1
2065,1240,1
2066,1240,1
2067,1240,1
2068,1240,1
2069,1240,1
2070,1240,1
2071,1240,1
2072,1240,1
2073,1215,1
2074,1215,1
2075,1215,1
2076,1215,1
2077,1215,1
2078,1215,1
2079,1215,1
2080,9,0
2081,13,0
2082,22,0
2083,34,0
2084,54,0
2085,65,0
2086,93,0
2087,102,0
2088,128,0
2089,196,0
2090,231,2
2091,277,3
2092,378,3
2093,378,3
2094,378,3
2095,378,3
2096,378,3
2097,378,3
2098,378,3
2099,378,3
2100,1,0
2101,1,0
2102,1,0
2103,1,0
2104,1,0
2105,1,0
2106,1,0
2107,0,0
2108,0,0
2109,0,0
2110,1,0
2111,1,0
2112,1,0
2113,1,0
2114,3,0
2115,18,0
2116,3,0
2117,3,0
2118,4,0
2119,45,0
2120,45,0
2121,45,0
2122,45,0
2123,45,0
2124,45,0
2125,45,0
2126,45,0
2127,0,0
2128,0,0
2129,0,0
2130,0,0
2131,0,0
2132,0,0
2133,0,0
2134,0,0
2135,0,0
2136,0,0
2137,1,0
2138,1,0
2139,1,0
2140,1,0
2141,3,0
2142,18,0
2143,3,0
2144,3,0
2145,4,0
2146,45,0
2147,45,0
2148,45,0
2149,45,0
2150,45,0
2151,45,0
2152,45,0
2153,45,0
2154,0,0
2155,0,0
2156,0,0
2157,0,0
2158,0,0
2159,0,0
2160,0,0
2161,22,0
2162,23,0
2163,26,0
2164,27,0
2165,35,0
2166,41,0
2167,50,0
2168,69,1
2169,89,1
2170,117,2
2171,134,2
2172,158,2
2173,177,2
2174,177,2
2175,177,2
2176,177,2
2177,177,2
2178,177,2
2179,177,2
2180,177,2
2181,9,0
2182,9,0
2183,9,0
2184,9,0
2185,9,0
2186,9,0
2187,9,0
2188,1,0
2189,1,0
2190,1,0
2191,1,0
2192,1,0
2193,5,0
2194,6,0
2195,9,0
2196,9,0
2197,14,0
2198,14,0
2199,25,0
2200,73,0
2201,73,0
2202,73,0
2203,73,0
2204,73,0
2205,73,0
2206,73,0
2207,73,0
2208,0,0
2209,0,0
2210,0,0
2211,0,0
2212,0,0
2213,0,0
2214,0,0
2215,19,0
2216,32,0
2217,38,0
2218,49,0
2219,57,0
2220,65,0
2221,81,0
2222,105,1
2223,128,1
2224,206,1
2225,254,1
2226,315,1
2227,382,1
2228,382,1
2229,382,1
2230,382,1
2231,382,1
2232,382,1
2233,382,1
2234,382,1
2235,12,0
2236,12,0
2237,12,0
2238,12,0
2239,12,0
2240,12,0
2241,12,0
2242,3,0
2243,4,0
2244,4,0
2245,4,0
2246,4,0
2247,5,0
2248,7,1
2249,11,1
2250,16,1
2251,21,1
2252,35,1
2253,40,1
2254,48,1
2255,48,1
2256,48,1
2257,48,1
2258,48,1
2259,48,1
2260,48,1
2261,48,1
2262,0,0
2263,0,0
2264,0,0
2265,0,0
2266,0,0
2267,0,0
2268,0,0
2269,6,0
2270,14,0
2271,26,0
2272,26,0
2273,33,0
2274,46,0
2275,49,0
2276,67,0
2277,67,0
2278,84,0
2279,95,1
2280,116,1
2281,124,3
2282,124,3
2283,124,3
2284,124,3
2285,124,3
2286,124,3
2287,124,3
2288,124,3
2289,2,0
2290,2,0
2291,2,0
2292,2,0
2293,2,0
2294,2,0
2295,2,0
2296,0,0
2297,0,0
2298,0,0
2299,0,0
2300,0,0
2301,0,0
2302,0,0
2303,0,0
2304,0,0
2305,0,0
2306,0,0
2307,0,0
2308,0,0
2309,0,0
2310,0,0
2311,0,0
2312,0,0
2313,0,0
2314,0,0
2315,0,0
2316,0,0
2317,0,0
2318,0,0
2319,0,0
2320,0,0
2321,0,0
2322,0,0
2323,2,0
2324,3,0
2325,9,0
2326,11,0
2327,18,0
2328,47,0
2329,58,0
2330,72,0
2331,80,0
2332,92,0
2333,115,0
2334,118,0
2335,122,0
2336,122,0
2337,122,0
2338,122,0
2339,122,0
2340,122,0
2341,122,0
2342,122,0
2343,2,0
2344,2,0
2345,2,0
2346,2,0
2347,2,0
2348,2,0
2349,2,0
2350,0,0
2351,0,0
2352,0,0
2353,0,0
2354,0,0
2355,0,0
2356,1,0
2357,1,0
2358,1,0
2359,1,0
2360,1,0
2361,3,0
2362,3,0
2363,3,0
2364,3,0
2365,3,0
2366,3,0
2367,3,0
2368,3,0
2369,3,0
2370,0,0
2371,0,0
2372,0,0
2373,0,0
2374,0,0
2375,0,0
2376,0,0
2377,5,0
2378,5,0
2379,11,0
2380,11,0
2381,11,0
2382,21,1
2383,21,1
2384,34,2
2385,72,2
2386,112,2
2387,202,3
2388,245,3
2389,312,6
2390,312,6
2391,312,6
2392,312,6
2393,312,6
2394,312,6
2395,312,6
2396,312,6
2397,5,0
2398,5,0
2399,5,0
2400,5,0
2401,5,0
2402,5,0
2403,5,0
2404,17,0
2405,17,0
2406,28,2
2407,28,2
2408,37,2
2409,58,2
2410,111,2
2411,199,3
2412,367,5
2413,506,7
2414,789,14
2415,981,18
2416,1082,27
2417,1082,27
2418,1082,27
2419,1082,27
2420,1082,27
2421,1082,27
2422,1082,27
2423,1082,27
2424,15,0
2425,15,0
2426,15,0
2427,15,0
2428,15,0
2429,15,0
2430,15,0
2431,67,1
2432,80,2
2433,109,2
2434,110,2
2435,150,2
2436,196,4
2437,196,6
2438,256,6
2439,285,8
2440,294,10
2441,327,14
2442,366,19
2443,402,20
2444,402,20
2445,402,20
2446,402,20
2447,402,20
2448,402,20
2449,402,20
2450,402,20
2451,55,1
2452,55,1
2453,55,1
2454,55,1
2455,55,1
2456,55,1
2457,55,1
2458,0,0
2459,0,0
2460,0,0
2461,1,0
2462,1,0
2463,1,0
2464,4,0
2465,6,0
2466,6,0
2467,6,0
2468,6,0
2469,9,0
2470,9,0
2471,9,0
2472,9,0
2473,9,0
2474,9,0
2475,9,0
2476,9,0
2477,9,0
2478,0,0
2479,0,0
2480,0,0
2481,0,0
2482,0,0
2483,0,0
2484,0,0
2485,16,0
2486,79,0
2487,115,0
2488,171,0
2489,205,0
2490,225,0
2491,258,0
2492,267,0
2493,283,0
2494,306,0
2495,326,0
2496,352,0
2497,369,0
2498,369,0
2499,369,0
2500,369,0
2501,369,0
2502,369,0
2503,369,0
2504,369,0
2505,10,0
2506,10,0
2507,10,0
2508,10,0
2509,10,0
2510,10,0
2511,10,0
2512,0,0
2513,0,0
2514,1,0
2515,1,0
2516,1,0
2517,1,0
2518,1,0
2519,1,0
2520,1,0
2521,1,0
2522,4,0
2523,4,0
2524,4,0
2525,4,0
2526,4,0
2527,4,0
2528,4,0
2529,4,0
2530,4,0
2531,4,0
2532,0,0
2533,0,0
2534,0,0
2535,0,0
2536,0,0
2537,0,0
2538,0,0
2539,0,0
2540,1,0
2541,1,0
2542,1,0
2543,5,0
2544,5,0
2545,6,0
2546,6,0
2547,9,0
2548,9,0
2549,11,0
2550,11,0
2551,12,0
2552,12,0
2553,12,0
2554,12,0
2555,12,0
2556,12,0
2557,12,0
2558,12,0
2559,0,0
2560,0,0
2561,0,0
2562,0,0
2563,0,0
2564,0,0
2565,0,0
2566,59,0
2567,155,0
2568,225,0
2569,244,0
2570,277,0
2571,321,0
2572,336,0
2573,400,0
2574,450,0
2575,523,1
2576,626,1
2577,700,1
2578,792,1
2579,792,1
2580,792,1
2581,792,1
2582,792,1
2583,792,1
2584,792,1
2585,792,1
2586,30,0
2587,30,0
2588,30,0
2589,30,0
2590,30,0
2591,30,0
2592,30,0
2593,0,0
2594,0,0
2595,5,0
2596,7,0
2597,0,0
2598,0,0
2599,0,0
2600,0,0
2601,0,0
2602,0,0
2603,18,0
2604,0,0
2605,0,0
2606,0,0
2607,0,0
2608,0,0
2609,0,0
2610,0,0
2611,0,0
2612,0,0
2613,0,0
2614,0,0
2615,0,0
2616,0,0
2617,0,0
2618,0,0
2619,0,0
2620,0,0
2621,0,0
2622,0,0
2623,0,0
2624,0,0
2625,0,0
2626,0,0
2627,0,0
2628,0,0
2629,0,0
2630,0,0
2631,0,0
2632,0,0
2633,0,0
2634,0,0
2635,0,0
2636,0,0
2637,0,0
2638,0,0
2639,0,0
2640,0,0
2641,0,0
2642,0,0
2643,0,0
2644,0,0
2645,0,0
2646,0,0
2647,0,0
2648,1,0
2649,1,0
2650,3,0
2651,6,0
2652,18,0
2653,27,0
2654,33,0
2655,45,0
2656,53,0
2657,56,0
2658,62,1
2659,62,1
2660,62,1
2661,62,1
2662,62,1
2663,62,1
2664,62,1
2665,62,1
2666,62,1
2667,0,0
2668,0,0
2669,0,0
2670,0,0
2671,0,0
2672,0,0
2673,0,0
2674,1,0
2675,1,0
2676,1,0
2677,1,0
2678,3,0
2679,3,0
2680,3,0
2681,3,0
2682,3,0
2683,3,0
2684,3,0
2685,3,0
2686,3,0
2687,3,0
2688,3,0
2689,3,0
2690,3,0
2691,3,0
2692,3,0
2693,3,0
2694,1,0
2695,1,0
2696,1,0
2697,1,0
2698,1,0
2699,1,0
2700,1,0
2701,2,0
2702,2,0
2703,2,0
2704,2,0
2705,2,0
2706,2,0
2707,3,0
2708,4,0
2709,4,0
2710,4,0
2711,4,0
2712,8,0
2713,8,0
2714,8,0
2715,8,0
2716,8,0
2717,8,0
2718,8,0
2719,8,0
2720,8,0
2721,2,0
2722,2,0
2723,2,0
2724,2,0
2725,2,0
2726,2,0
2727,2,0
2728,0,0
2729,0,0
2730,1,0
2731,1,0
2732,1,0
2733,1,0
2734,1,0
2735,1,0
2736,3,1
2737,4,1
2738,5,1
2739,5,1
2740,6,1
2741,6,1
2742,6,1
2743,6,1
2744,6,1
2745,6,1
2746,6,1
2747,6,1
2748,0,0
2749,0,0
2750,0,0
2751,0,0
2752,0,0
2753,0,0
2754,0,0
2755,24,0
2756,25,0
2757,30,0
2758,33,0
2759,33,0
2760,34,0
2761,38,0
2762,40,0
2763,43,0
2764,49,0
2765,54,0
2766,61,0
2767,70,0
2768,70,0
2769,70,0
2770,70,0
2771,70,0
2772,70,0
2773,70,0
2774,70,0
2775,15,0
2776,15,0
2777,15,0
2778,15,0
2779,15,0
2780,15,0
2781,15,0
2782,2078,3
2783,3675,7
2784,4585,9
2785,5795,11
2786,7272,17
2787,9257,24
2788,12327,28
2789,15320,44
2790,19848,67
2791,22213,84
2792,24873,94
2793,29056,123
2794,32986,157
2795,32986,157
2796,32986,157
2797,32986,157
2798,32986,157
2799,32986,157
2800,32986,157
2801,32986,157
2802,1176,2
2803,1176,2
2804,1176,2
2805,1176,2
2806,1176,2
2807,1176,2
2808,1176,2
2809,0,0
2810,0,0
2811,3,0
2812,6,0
2813,6,0
2814,7,0
2815,7,0
2816,11,0
2817,16,0
2818,19,1
2819,24,1
2820,27,2
2821,53,2
2822,53,2
2823,53,2
2824,53,2
2825,53,2
2826,53,2
2827,53,2
2828,53,2
2829,0,0
2830,0,0
2831,0,0
2832,0,0
2833,0,0
2834,0,0
2835,0,0
2836,99,1
2837,190,1
2838,228,3
2839,331,4
2840,331,4
2841,387,5
2842,418,5
2843,418,6
2844,495,6
2845,530,13
2846,624,15
2847,695,17
2848,743,20
2849,743,20
2850,743,20
2851,743,20
2852,743,20
2853,743,20
2854,743,20
2855,743,20
2856,73,0
2857,73,0
2858,73,0
2859,73,0
2860,73,0
2861,73,0
2862,73,0
2863,0,0
2864,0,0
2865,1,0
2866,1,0
2867,2,1
2868,6,1
2869,6,1
2870,9,1
2871,12,1
2872,17,1
2873,19,1
2874,20,1
2875,21,1
2876,21,1
2877,21,1
2878,21,1
2879,21,1
2880,21,1
2881,21,1
2882,21,1
2883,0,0
2884,0,0
2885,0,0
2886,0,0
2887,0,0
2888,0,0
2889,0,0
2890,0,0
2891,1,0
2892,1,0
2893,1,0
2894,1,0
2895,1,0
2896,1,0
2897,1,0
2898,1,0
2899,2,0
2900,2,0
2901,4,0
2902,4,0
2903,4,0
2904,4,0
2905,4,0
2906,4,0
2907,4,0
2908,4,0
2909,4,0
2910,0,0
2911,0,0
2912,0,0
2913,0,0
2914,0,0
2915,0,0
2916,0,0
2917,1,1
2918,1,1
2919,1,1
2920,4,1
2921,4,1
2922,7,1
2923,7,1
2924,7,1
2925,7,1
2926,7,1
2927,7,1
2928,20,1
2929,5,1
2930,5,1
2931,5,1
2932,5,1
2933,5,1
2934,5,1
2935,5,1
2936,5,1
2937,0,0
2938,0,0
2939,0,0
2940,0,0
2941,0,0
2942,0,0
2943,0,0
2944,1,0
2945,1,0
2946,1,0
2947,1,0
2948,1,0
2949,1,0
2950,1,0
2951,1,0
2952,1,0
2953,1,0
2954,1,0
2955,1,0
2956,4,0
2957,4,0
2958,4,0
2959,4,0
2960,4,0
2961,4,0
2962,4,0
2963,4,0
2964,1,0
2965,1,0
2966,1,0
2967,1,0
2968,1,0
2969,1,0
2970,1,0
2971,2,0
2972,2,0
2973,2,0
2974,3,0
2975,6,0
2976,8,0
2977,9,0
2978,12,0
2979,24,0
2980,24,0
2981,26,0
2982,27,0
2983,30,0
2984,30,0
2985,30,0
2986,30,0
2987,30,0
2988,30,0
2989,30,0
2990,30,0
2991,0,0
2992,0,0
2993,0,0
2994,0,0
2995,0,0
2996,0,0
2997,0,0
2998,13,0
2999,19,0
3000,30,0
3001,32,1
3002,39,1
3003,50,1
3004,58,1
3005,73,1
3006,85,3
3007,103,4
3008,131,6
3009,167,7
3010,187,9
3011,187,9
3012,187,9
3013,187,9
3014,187,9
3015,187,9
3016,187,9
3017,187,9
3018,9,0
3019,9,0
3020,9,0
3021,9,0
3022,9,0
3023,9,0
3024,9,0
3025,103,0
3026,134,0
3027,156,0
3028,171,5
3029,180,0
3030,220,1
3031,250,1
3032,330,1
3033,409,0
3034,473,1
3035,568,1
3036,588,1
3037,648,2
3038,648,2
3039,648,2
3040,648,2
3041,648,2
3042,648,2
3043,648,2
3044,648,2
3045,58,0
3046,58,0
3047,58,0
3048,58,0
3049,58,0
3050,58,0
3051,58,0
3052,73,1
3053,82,2
3054,102,2
3055,113,2
3056,119,2
3057,142,3
3058,156,3
3059,194,4
3060,244,5
3061,330,4
3062,396,7
3063,499,10
3064,536,10
3065,536,10
3066,536,10
3067,536,10
3068,536,10
3069,536,10
3070,536,10
3071,536,10
3072,43,0
3073,43,0
3074,43,0
3075,43,0
3076,43,0
3077,43,0
3078,43,0
3079,34,1
3080,69,4
3081,96,5
3082,117,5
3083,134,5
3084,172,5
3085,227,19
3086,311,25
3087,369,32
3088,450,38
3089,514,48
3090,579,49
3091,686,55
3092,686,55
3093,686,55
3094,686,55
3095,686,55
3096,686,55
3097,686,55
3098,686,55
3099,19,0
3100,19,0
3101,19,0
3102,19,0
3103,19,0
3104,19,0
3105,19,0
3106,10075,429
3107,11364,514
3108,12729,611
3109,13938,724
3110,14991,853
3111,16169,988
3112,17361,1135
3113,18407,1284
3114,19644,1433
3115,20610,1556
3116,21638,1685
3117,23049,1812
3118,24811,1934
3119,24811,1934
3120,24811,1934
3121,24811,1934
3122,24811,1934
3123,24811,1934
3124,24811,1934
3125,24811,1934
3126,7161,237
3127,7161,237
3128,7161,237
3129,7161,237
3130,7161,237
3131,7161,237
3132,7161,237
3133,71,8
3134,101,9
3135,110,10
3136,116,10
3137,124,10
3138,154,11
3139,164,12
3140,192,13
3141,208,17
3142,214,17
3143,233,20
3144,266,23
3145,316,27
3146,316,27
3147,316,27
3148,316,27
3149,316,27
3150,316,27
3151,316,27
3152,316,27
3153,60,6
3154,60,6
3155,60,6
3156,60,6
3157,60,6
3158,60,6
3159,60,6
3160,43,1
3161,90,1
3162,129,2
3163,129,2
3164,169,2
3165,223,2
3166,292,2
3167,557,3
3168,683,3
3169,785,3
3170,906,4
3171,1125,6
3172,1329,7
3173,1329,7
3174,1329,7
3175,1329,7
3176,1329,7
3177,1329,7
3178,1329,7
3179,1329,7
3180,21,0
3181,21,0
3182,21,0
3183,21,0
3184,21,0
3185,21,0
3186,21,0
3187,131,0
3188,161,0
3189,193,0
3190,251,0
3191,255,0
3192,337,0
3193,433,0
3194,677,0
3195,705,0
3196,883,1
3197,1071,1
3198,1442,1
3199,1930,3
3200,1930,3
3201,1930,3
3202,1930,3
3203,1930,3
3204,1930,3
3205,1930,3
3206,1930,3
3207,61,0
3208,61,0
3209,61,0
3210,61,0
3211,61,0
3212,61,0
3213,61,0
3214,12462,827
3215,17660,1266
3216,21157,1441
3217,24747,1809
3218,27980,2158
3219,31506,2503
3220,35713,2978
3221,41035,3405
3222,47021,4032
3223,53578,4825
3224,59138,5476
3225,63927,6077
3226,69176,6820
3227,69176,6820
3228,69176,6820
3229,69176,6820
3230,69176,6820
3231,69176,6820
3232,69176,6820
3233,69176,6820
3234,9172,463
3235,9172,463
3236,9172,463
3237,9172,463
3238,9172,463
3239,9172,463
3240,9172,463
3241,2,0
3242,8,0
3243,8,0
3244,10,0
3245,10,0
3246,12,0
3247,13,0
3248,15,1
3249,16,1
3250,16,1
3251,16,1
3252,19,1
3253,21,1
3254,21,1
3255,21,1
3256,21,1
3257,21,1
3258,21,1
3259,21,1
3260,21,1
3261,0,0
3262,0,0
3263,0,0
3264,0,0
3265,0,0
3266,0,0
3267,0,0
3268,639,16
3269,701,19
3270,773,22
3271,839,22
3272,825,27
3273,878,29
3274,889,29
3275,924,29
3276,963,33
3277,1007,35
3278,1086,40
3279,1128,42
3280,1193,43
3281,1193,43
3282,1193,43
3283,1193,43
3284,1193,43
3285,1193,43
3286,1193,43
3287,1193,43
3288,511,10
3289,511,10
3290,511,10
3291,511,10
3292,511,10
3293,511,10
3294,511,10
3295,1,0
3296,1,0
3297,1,0
3298,8,0
3299,17,0
3300,34,0
3301,52,0
3302,69,0
3303,85,0
3304,85,0
3305,112,0
3306,127,0
3307,154,0
3308,154,0
3309,154,0
3310,154,0
3311,154,0
3312,154,0
3313,154,0
3314,154,0
3315,1,0
3316,1,0
3317,1,0
3318,1,0
3319,1,0
3320,1,0
3321,1,0
3322,0,0
3323,4,0
3324,6,0
3325,9,0
3326,10,0
3327,33,0
3328,35,0
3329,44,0
3330,49,3
3331,53,0
3332,60,0
3333,62,0
3334,72,0
3335,72,0
3336,72,0
3337,72,0
3338,72,0
3339,72,0
3340,72,0
3341,72,0
3342,0,0
3343,0,0
3344,0,0
3345,0,0
3346,0,0
3347,0,0
3348,0,0
3349,0,0
3350,1,0
3351,1,0
3352,3,0
3353,3,0
3354,3,0
3355,3,0
3356,7,0
3357,7,0
3358,7,0
3359,15,0
3360,16,0
3361,25,0
3362,25,0
3363,25,0
3364,25,0
3365,25,0
3366,25,0
3367,25,0
3368,25,0
3369,0,0
3370,0,0
3371,0,0
3372,0,0
3373,0,0
3374,0,0
3375,0,0
3376,7869,66
3377,7979,66
3378,8086,72
3379,8162,75
3380,8236,75
3381,8320,81
3382,8413,84
3383,8565,91
3384,8652,94
3385,8799,102
3386,8897,104
3387,8961,111
3388,9037,120
3389,9037,120
3390,9037,120
3391,9037,120
3392,9037,120
3393,9037,120
3394,9037,120
3395,9037,120
3396,7478,53
3397,7478,53
3398,7478,53
3399,7478,53
3400,7478,53
3401,7478,53
3402,7478,53
3403,80,0
3404,80,0
3405,104,0
3406,112,0
3407,123,0
3408,130,0
3409,142,0
3410,148,0
3411,159,0
3412,176,0
3413,188,0
3414,189,0
3415,191,0
3416,191,0
3417,191,0
3418,191,0
3419,191,0
3420,191,0
3421,191,0
3422,191,0
3423,64,0
3424,64,0
3425,64,0
3426,64,0
3427,64,0
3428,64,0
3429,64,0
3430,0,0
3431,0,0
3432,0,0
3433,0,0
3434,0,0
3435,0,0
3436,3,0
3437,3,0
3438,6,0
3439,14,0
3440,14,0
3441,16,0
3442,42,0
3443,42,0
3444,42,0
3445,42,0
3446,42,0
3447,42,0
3448,42,0
3449,42,0
3450,0,0
3451,0,0
3452,0,0
3453,0,0
3454,0,0
3455,0,0
3456,0,0
3457,10,0
3458,17,0
3459,26,0
3460,30,0
3461,34,0
3462,49,0
3463,71,0
3464,86,0
3465,111,0
3466,124,0
3467,139,0
3468,180,0
3469,197,0
3470,197,0
3471,197,0
3472,197,0
3473,197,0
3474,197,0
3475,197,0
3476,197,0
3477,6,0
3478,6,0
3479,6,0
3480,6,0
3481,6,0
3482,6,0
3483,6,0
3484,61,3
3485,77,3
3486,93,3
3487,110,3
3488,99,3
3489,120,3
3490,133,3
3491,157,4
3492,163,4
3493,187,4
3494,248,4
3495,267,4
3496,318,4
3497,318,4
3498,318,4
3499,318,4
3500,318,4
3501,318,4
3502,318,4
3503,318,4
3504,32,0
3505,32,0
3506,32,0
3507,32,0
3508,32,0
3509,32,0
3510,32,0
3511,0,0
3512,0,0
3513,0,0
3514,0,0
3515,1,0
3516,1,0
3517,2,0
3518,2,0
3519,2,0
3520,3,0
3521,3,0
3522,3,0
3523,3,0
3524,3,0
3525,3,0
3526,3,0
3527,3,0
3528,3,0
3529,3,0
3530,3,0
3531,0,0
3532,0,0
3533,0,0
3534,0,0
3535,0,0
3536,0,0
3537,0,0
3538,1,0
3539,1,0
3540,4,0
3541,4,0
3542,4,0
3543,7,0
3544,28,0
3545,28,0
3546,28,0
3547,37,0
3548,37,0
3549,51,0
3550,51,0
3551,51,0
3552,51,0
3553,51,0
3554,51,0
3555,51,0
3556,51,0
3557,51,0
3558,1,0
3559,1,0
3560,1,0
3561,1,0
3562,1,0
3563,1,0
3564,1,0
3565,3,0
3566,6,0
3567,8,0
3568,12,0
3569,17,0
3570,25,0
3571,27,0
3572,36,0
3573,49,0
3574,83,1
3575,131,1
3576,179,1
3577,209,2
3578,209,2
3579,209,2
3580,209,2
3581,209,2
3582,209,2
3583,209,2
3584,209,2
3585,1,0
3586,1,0
3587,1,0
3588,1,0
3589,1,0
3590,1,0
3591,1,0
3592,19,0
3593,34,0
3594,51,1
3595,59,1
3596,77,1
3597,140,1
3598,203,2
3599,335,4
3600,484,4
3601,670,8
3602,798,8
3603,875,8
3604,1099,8
3605,1099,8
3606,1099,8
3607,1099,8
3608,1099,8
3609,1099,8
3610,1099,8
3611,1099,8
3612,3,0
3613,3,0
3614,3,0
3615,3,0
3616,3,0
3617,3,0
3618,3,0
3619,149,0
3620,197,0
3621,238,0
3622,428,0
3623,566,0
3624,673,2
3625,790,2
3626,900,2
3627,1030,3
3628,1183,4
3629,1306,10
3630,1518,14
3631,1624,16
3632,1624,16
3633,1624,16
3634,1624,16
3635,1624,16
3636,1624,16
3637,1624,16
3638,1624,16
3639,117,0
3640,117,0
3641,117,0
3642,117,0
3643,117,0
3644,117,0
3645,117,0
3646,8,0
3647,9,0
3648,10,0
3649,13,0
3650,13,0
3651,13,0
3652,13,0
3653,13,0
3654,13,0
3655,13,0
3656,13,0
3657,13,0
3658,13,0
3659,13,0
3660,13,0
3661,13,0
3662,13,0
3663,13,0
3664,13,0
3665,13,0
3666,4,0
3667,4,0
3668,4,0
3669,4,0
3670,4,0
3671,4,0
3672,4,0
3673,6,0
3674,12,0
3675,18,0
3676,21,0
3677,30,0
3678,38,0
3679,38,0
3680,53,0
3681,64,0
3682,73,0
3683,90,0
3684,107,0
3685,110,0
3686,110,0
3687,110,0
3688,110,0
3689,110,0
3690,110,0
3691,110,0
3692,110,0
3693,3,0
3694,3,0
3695,3,0
3696,3,0
3697,3,0
3698,3,0
3699,3,0
3700,0,0
3701,0,0
3702,1,0
3703,1,0
3704,1,0
3705,1,0
3706,1,0
3707,2,0
3708,2,0
3709,2,0
3710,2,0
3711,2,0
3712,2,0
3713,2,0
3714,2,0
3715,2,0
3716,2,0
3717,2,0
3718,2,0
3719,2,0
3720,0,0
3721,0,0
3722,0,0
3723,0,0
3724,0,0
3725,0,0
3726,0,0
3727,0,0
3728,0,0
3729,0,0
3730,0,0
3731,0,0
3732,0,0
3733,3,0
3734,3,0
3735,12,0
3736,14,1
3737,18,1
3738,36,2
3739,42,2
3740,42,2
3741,42,2
3742,42,2
3743,42,2
3744,42,2
3745,42,2
3746,42,2
3747,0,0
3748,0,0
3749,0,0
3750,0,0
3751,0,0
3752,0,0
3753,0,0
3754,0,0
3755,0,0
3756,0,0
3757,0,0
3758,0,0
3759,1,0
3760,3,0
3761,3,0
3762,0,0
3763,7,0
3764,0,0
3765,0,0
3766,0,0
3767,0,0
3768,0,0
3769,0,0
3770,0,0
3771,0,0
3772,0,0
3773,0,0
3774,0,0
3775,0,0
3776,0,0
3777,0,0
3778,0,0
3779,0,0
3780,0,0
3781,12,0
3782,12,0
3783,26,0
3784,41,0
3785,53,0
3786,82,0
3787,93,0
3788,118,1
3789,164,1
3790,203,2
3791,251,2
3792,316,3
3793,367,4
3794,367,4
3795,367,4
3796,367,4
3797,367,4
3798,367,4
3799,367,4
3800,367,4
3801,7,0
3802,7,0
3803,7,0
3804,7,0
3805,7,0
3806,7,0
3807,7,0
3808,3,0
3809,6,0
3810,12,0
3811,23,0
3812,23,0
3813,30,0
3814,30,1
3815,49,1
3816,66,1
3817,80,1
3818,94,1
3819,109,1
3820,125,1
3821,125,1
3822,125,1
3823,125,1
3824,125,1
3825,125,1
3826,125,1
3827,125,1
3828,1,0
3829,1,0
3830,1,0
3831,1,0
3832,1,0
3833,1,0
3834,1,0
3835,2,0
3836,2,0
3837,2,0
3838,2,0
3839,7,0
3840,7,0
3841,7,0
3842,7,0
3843,11,0
3844,11,0
3845,23,0
3846,23,0
3847,23,0
3848,23,0
3849,23,0
3850,23,0
3851,23,0
3852,23,0
3853,23,0
3854,23,0
3855,1,0
3856,1,0
3857,1,0
3858,1,0
3859,1,0
3860,1,0
3861,1,0
3862,1,0
3863,1,0
3864,1,0
3865,1,0
3866,1,0
3867,5,0
3868,6,0
3869,6,0
3870,6,0
3871,10,0
3872,10,0
3873,10,0
3874,10,0
3875,10,0
3876,10,0
3877,10,0
3878,10,0
3879,10,0
3880,10,0
3881,10,0
3882,0,0
3883,0,0
3884,0,0
3885,0,0
3886,0,0
3887,0,0
3888,0,0
3889,0,0
3890,0,0
3891,0,0
3892,0,0
3893,0,0
3894,2,0
3895,1,0
3896,3,0
3897,14,0
3898,14,0
3899,21,0
3900,27,1
3901,47,1
3902,47,1
3903,47,1
3904,47,1
3905,47,1
3906,47,1
3907,47,1
3908,47,1
3909,0,0
3910,0,0
3911,0,0
3912,0,0
3913,0,0
3914,0,0
3915,0,0
3916,6,1
3917,7,1
3918,17,1
3919,28,1
3920,29,1
3921,38,2
3922,49,2
3923,63,2
3924,77,3
3925,96,3
3926,115,4
3927,143,4
3928,170,5
3929,170,5
3930,170,5
3931,170,5
3932,170,5
3933,170,5
3934,170,5
3935,170,5
3936,2,0
3937,2,0
3938,2,0
3939,2,0
3940,2,0
3941,2,0
3942,2,0
3943,0,0
3944,0,0
3945,2,0
3946,2,0
3947,2,0
3948,2,0
3949,2,0
3950,3,0
3951,3,0
3952,3,0
3953,3,0
3954,4,0
3955,7,0
3956,7,0
3957,7,0
3958,7,0
3959,7,0
3960,7,0
3961,7,0
3962,7,0
3963,0,0
3964,0,0
3965,0,0
3966,0,0
3967,0,0
3968,0,0
3969,0,0
3970,1,0
3971,1,0
3972,1,0
3973,1,0
3974,1,0
3975,1,0
3976,1,0
3977,1,0
3978,1,0
3979,1,0
3980,2,0
3981,2,0
3982,2,0
3983,2,0
3984,2,0
3985,2,0
3986,2,0
3987,2,0
3988,2,0
3989,2,0
3990,1,0
3991,1,0
3992,1,0
3993,1,0
3994,1,0
3995,1,0
3996,1,0
3997,0,0
3998,2,0
3999,2,0
4000,2,0
4001,2,0
4002,3,0
4003,4,0
4004,4,0
4005,5,0
4006,5,0
4007,8,0
4008,9,0
4009,12,0
4010,12,0
4011,12,0
4012,12,0
4013,12,0
4014,12,0
4015,12,0
4016,12,0
4017,0,0
4018,0,0
4019,0,0
4020,0,0
4021,0,0
4022,0,0
4023,0,0
4024,0,0
4025,0,0
4026,1,0
4027,1,0
4028,1,0
4029,3,0
4030,3,0
4031,3,1
4032,3,1
4033,3,1
4034,3,1
4035,4,1
4036,6,1
4037,6,1
4038,6,1
4039,6,1
4040,6,1
4041,6,1
4042,6,1
4043,6,1
4044,0,0
4045,0,0
4046,0,0
4047,0,0
4048,0,0
4049,0,0
4050,0,0
4051,503,5
4052,804,10
4053,959,12
4054,1135,20
4055,1413,24
4056,1705,43
4057,2051,58
4058,2460,76
4059,2994,106
4060,3631,136
4061,4204,179
4062,4749,213
4063,5560,276
4064,5560,276
4065,5560,276
4066,5560,276
4067,5560,276
4068,5560,276
4069,5560,276
4070,5560,276
4071,321,3
4072,321,3
4073,321,3
4074,321,3
4075,321,3
4076,321,3
4077,321,3
4078,5,0
4079,5,0
4080,6,0
4081,8,0
4082,8,0
4083,12,0
4084,20,0
4085,28,0
4086,39,0
4087,52,0
4088,66,0
4089,102,0
4090,155,0
4091,155,0
4092,155,0
4093,155,0
4094,155,0
4095,155,0
4096,155,0
4097,155,0
4098,5,0
4099,5,0
4100,5,0
4101,5,0
4102,5,0
4103,5,0
4104,5,0
4105,2,0
4106,2,0
4107,2,0
4108,2,0
4109,2,0
4110,3,0
4111,8,0
4112,8,0
4113,12,0
4114,22,0
4115,30,0
4116,40,1
4117,44,1
4118,44,1
4119,44,1
4120,44,1
4121,44,1
4122,44,1
4123,44,1
4124,44,1
4125,2,0
4126,2,0
4127,2,0
4128,2,0
4129,2,0
4130,2,0
4131,2,0
4132,7,0
4133,14,0
4134,14,0
4135,14,0
4136,18,0
4137,26,0
4138,35,0
4139,48,0
4140,67,0
4141,85,0
4142,114,1
4143,136,2
4144,148,2
4145,148,2
4146,148,2
4147,148,2
4148,148,2
4149,148,2
4150,148,2
4151,148,2
4152,3,0
4153,3,0
4154,3,0
4155,3,0
4156,3,0
4157,3,0
4158,3,0
4159,702,0
4160,996,0
4161,1090,3
4162,1221,3
4163,1333,3
4164,1463,3
4165,1550,6
4166,1746,7
4167,1914,7
4168,2118,7
4169,2383,7
4170,2621,10
4171,2863,12
4172,2863,12
4173,2863,12
4174,2863,12
4175,2863,12
4176,2863,12
4177,2863,12
4178,2863,12
4179,205,0
4180,205,0
4181,205,0
4182,205,0
4183,205,0
4184,205,0
4185,205,0
4186,18,0
4187,19,0
4188,19,0
4189,22,0
4190,22,0
4191,24,0
4192,39,0
4193,48,0
4194,48,0
4195,52,0
4196,55,0
4197,66,0
4198,84,0
4199,84,0
4200,84,0
4201,84,0
4202,84,0
4203,84,0
4204,84,0
4205,84,0
4206,16,0
4207,16,0
4208,16,0
4209,16,0
4210,16,0
4211,16,0
4212,16,0
4213,20,0
4214,28,0
4215,31,0
4216,53,0
4217,136,0
4218,236,0
4219,299,0
4220,454,2
4221,501,3
4222,730,3
4223,776,5
4224,875,6
4225,972,7
4226,972,7
4227,972,7
4228,972,7
4229,972,7
4230,972,7
4231,972,7
4232,972,7
4233,6,0
4234,6,0
4235,6,0
4236,6,0
4237,6,0
4238,6,0
4239,6,0
4240,11,1
4241,27,1
4242,36,1
4243,43,1
4244,55,1
4245,69,1
4246,86,1
4247,109,1
4248,137,1
4249,200,1
4250,245,3
4251,313,3
4252,345,6
4253,345,6
4254,345,6
4255,345,6
4256,345,6
4257,345,6
4258,345,6
4259,345,6
4260,0,0
4261,0,0
4262,0,0
4263,0,0
4264,0,0
4265,0,0
4266,0,0
4267,5,0
4268,6,0
4269,6,0
4270,6,0
4271,8,0
4272,9,0
4273,11,0
4274,11,0
4275,13,0
4276,18,1
4277,22,1
4278,22,1
4279,27,2
4280,27,2
4281,27,2
4282,27,2
4283,27,2
4284,27,2
4285,27,2
4286,27,2
4287,1,0
4288,1,0
4289,1,0
4290,1,0
4291,1,0
4292,1,0
4293,1,0
4294,15,0
4295,28,0
4296,38,0
4297,43,0
4298,86,0
4299,117,0
4300,145,0
4301,234,0
4302,234,3
4303,318,5
4304,363,5
4305,395,5
4306,416,7
4307,416,7
4308,416,7
4309,416,7
4310,416,7
4311,416,7
4312,416,7
4313,416,7
4314,7,0
4315,7,0
4316,7,0
4317,7,0
4318,7,0
4319,7,0
4320,7,0
4321,52,2
4322,64,5
4323,111,8
4324,140,11
4325,142,12
4326,187,12
4327,202,19
4328,217,17
4329,230,18
4330,307,19
4331,380,25
4332,462,33
4333,552,35
4334,552,35
4335,552,35
4336,552,35
4337,552,35
4338,552,35
4339,552,35
4340,552,35
4341,20,1
4342,20,1
4343,20,1
4344,20,1
4345,20,1
4346,20,1
4347,20,1
4348,49,1
4349,68,2
4350,103,3
4351,119,3
4352,177,4
4353,238,5
4354,251,5
4355,355,5
4356,425,5
4357,536,5
4358,634,7
4359,749,8
4360,901,10
4361,901,10
4362,901,10
4363,901,10
4364,901,10
4365,901,10
4366,901,10
4367,901,10
4368,16,0
4369,16,0
4370,16,0
4371,16,0
4372,16,0
4373,16,0
4374,16,0
4375,59,0
4376,112,0
4377,169,0
4378,245,0
4379,331,0
4380,448,1
4381,448,2
4382,785,3
4383,1020,6
4384,1280,12
4385,1600,14
4386,2060,23
4387,2362,33
4388,2362,33
4389,2362,33
4390,2362,33
4391,2362,33
4392,2362,33
4393,2362,33
4394,2362,33
4395,30,0
4396,30,0
4397,30,0
4398,30,0
4399,30,0
4400,30,0
4401,30,0
4402,262,0
4403,320,0
4404,337,0
4405,401,0
4406,439,0
4407,439,0
4408,452,0
4409,460,0
4410,470,0
4411,481,0
4412,494,0
4413,501,0
4414,526,0
4415,526,0
4416,526,0
4417,526,0
4418,526,0
4419,526,0
4420,526,0
4421,526,0
4422,18,0
4423,18,0
4424,18,0
4425,18,0
4426,18,0
4427,18,0
4428,18,0
4429,0,0
4430,0,0
4431,0,0
4432,0,0
4433,0,0
4434,0,0
4435,0,0
4436,0,0
4437,0,0
4438,0,0
4439,0,0
4440,0,0
4441,0,0
4442,0,0
4443,0,0
4444,0,0
4445,0,0
4446,0,0
4447,0,0
4448,0,0
4449,0,0
4450,0,0
4451,0,0
4452,0,0
4453,0,0
4454,0,0
4455,0,0
4456,49,0
4457,89,0
4458,123,0
4459,131,0
4460,158,0
4461,184,0
4462,260,0
4463,277,0
4464,308,0
4465,367,0
4466,433,3
4467,576,7
4468,794,11
4469,794,11
4470,794,11
4471,794,11
4472,794,11
4473,794,11
4474,794,11
4475,794,11
4476,15,0
4477,15,0
4478,15,0
4479,15,0
4480,15,0
4481,15,0
4482,15,0
4483,28,0
4484,45,0
4485,59,0
4486,63,0
4487,90,0
4488,114,0
4489,147,0
4490,199,1
4491,253,1
4492,306,1
4493,367,0
4494,438,1
4495,495,1
4496,495,1
4497,495,1
4498,495,1
4499,495,1
4500,495,1
4501,495,1
4502,495,1
4503,17,0
4504,17,0
4505,17,0
4506,17,0
4507,17,0
4508,17,0
4509,17,0
4510,0,0
4511,0,0
4512,1,0
4513,1,0
4514,5,0
4515,7,0
4516,8,0
4517,8,0
4518,17,0
4519,17,0
4520,19,0
4521,36,0
4522,40,0
4523,40,0
4524,40,0
4525,40,0
4526,40,0
4527,40,0
4528,40,0
4529,40,0
4530,0,0
4531,0,0
4532,0,0
4533,0,0
4534,0,0
4535,0,0
4536,0,0
4537,0,0
4538,0,0
4539,1,0
4540,2,0
4541,2,0
4542,2,0
4543,2,0
4544,2,0
4545,2,0
4546,2,0
4547,2,0
4548,3,0
4549,3,0
4550,3,0
4551,3,0
4552,3,0
4553,3,0
4554,3,0
4555,3,0
4556,3,0
4557,0,0
4558,0,0
4559,0,0
4560,0,0
4561,0,0
4562,0,0
4563,0,0
4564,0,0
4565,0,0
4566,1,0
4567,1,0
4568,1,0
4569,1,0
4570,1,0
4571,1,0
4572,1,0
4573,1,0
4574,1,0
4575,1,0
4576,1,0
4577,1,0
4578,1,0
4579,1,0
4580,1,0
4581,1,0
4582,1,0
4583,1,0
4584,0,0
4585,0,0
4586,0,0
4587,0,0
4588,0,0
4589,0,0
4590,0,0
4591,69,3
4592,80,5
4593,80,5
4594,101,5
4595,109,7
4596,109,7
4597,119,11
4598,119,11
4599,144,14
4600,144,20
4601,160,20
4602,187,20
4603,187,21
4604,187,21
4605,187,21
4606,187,21
4607,187,21
4608,187,21
4609,187,21
4610,187,21
4611,36,1
4612,36,1
4613,36,1
4614,36,1
4615,36,1
4616,36,1
4617,36,1
4618,45,0
4619,86,0
4620,103,0
4621,103,0
4622,118,0
4623,171,0
4624,171,0
4625,274,0
4626,344,0
4627,392,0
4628,511,0
4629,562,0
4630,767,1
4631,767,1
4632,767,1
4633,767,1
4634,767,1
4635,767,1
4636,767,1
4637,767,1
4638,15,0
4639,15,0
4640,15,0
4641,15,0
4642,15,0
4643,15,0
4644,15,0
4645,4,0
4646,10,0
4647,10,0
4648,24,0
4649,24,0
4650,26,0
4651,31,0
4652,31,0
4653,38,0
4654,47,0
4655,67,0
4656,79,0
4657,86,0
4658,86,0
4659,86,0
4660,86,0
4661,86,0
4662,86,0
4663,86,0
4664,86,0
4665,4,0
4666,4,0
4667,4,0
4668,4,0
4669,4,0
4670,4,0
4671,4,0
4672,19,0
4673,35,0
4674,46,0
4675,48,0
4676,55,0
4677,65,0
4678,83,0
4679,103,0
4680,135,1
4681,171,1
4682,222,2
4683,249,3
4684,303,3
4685,303,3
4686,303,3
4687,303,3
4688,303,3
4689,303,3
4690,303,3
4691,303,3
4692,1,0
4693,1,0
4694,1,0
4695,1,0
4696,1,0
4697,1,0
4698,1,0
4699,0,0
4700,0,0
4701,2,0
4702,2,0
4703,3,0
4704,4,0
4705,4,0
4706,6,0
4707,7,0
4708,7,0
4709,7,0
4710,7,0
4711,7,0
4712,7,0
4713,7,0
4714,7,0
4715,7,0
4716,7,0
4717,7,0
4718,7,0
4719,0,0
4720,0,0
4721,0,0
4722,0,0
4723,0,0
4724,0,0
4725,0,0
4726,178,0
4727,200,0
4728,212,0
4729,226,0
4730,243,0
4731,266,0
4732,313,0
4733,345,0
4734,385,0
4735,432,2
4736,455,2
4737,509,2
4738,558,2
4739,558,2
4740,558,2
4741,558,2
4742,558,2
4743,558,2
4744,558,2
4745,558,2
4746,150,0
4747,150,0
4748,150,0
4749,150,0
4750,150,0
4751,150,0
4752,150,0
4753,16,0
4754,32,0
4755,44,0
4756,54,0
4757,63,0
4758,72,0
4759,105,1
4760,123,1
4761,137,1
4762,178,1
4763,185,1
4764,186,0
4765,204,0
4766,204,0
4767,204,0
4768,204,0
4769,204,0
4770,204,0
4771,204,0
4772,204,0
4773,3,0
4774,3,0
4775,3,0
4776,3,0
4777,3,0
4778,3,0
4779,3,0
4780,89,0
4781,141,0
4782,181,1
4783,219,1
4784,253,1
4785,275,1
4786,275,1
4787,286,1
4788,341,1
4789,383,1
4790,414,2
4791,442,3
4792,480,4
4793,480,4
4794,480,4
4795,480,4
4796,480,4
4797,480,4
4798,480,4
4799,480,4
4800,16,0
4801,16,0
4802,16,0
4803,16,0
4804,16,0
4805,16,0
4806,16,0
4807,0,0
4808,0,0
4809,0,0
4810,0,0
4811,1,0
4812,1,0
4813,1,0
4814,1,0
4815,1,0
4816,1,0
4817,1,0
4818,1,0
4819,1,0
4820,1,0
4821,1,0
4822,1,0
4823,1,0
4824,1,0
4825,1,0
4826,1,0
4827,0,0
4828,0,0
4829,0,0
4830,0,0
4831,0,0
4832,0,0
4833,0,0
4834,17,0
4835,24,0
4836,38,0
4837,51,0
4838,62,0
4839,62,0
4840,116,0
4841,150,0
4842,202,0
4843,240,0
4844,274,0
4845,402,0
4846,554,0
4847,554,0
4848,554,0
4849,554,0
4850,554,0
4851,554,0
4852,554,0
4853,554,0
4854,3,0
4855,3,0
4856,3,0
4857,3,0
4858,3,0
4859,3,0
4860,3,0
4861,2277,55
4862,5232,133
4863,6391,195
4864,7798,289
4865,9942,342
4866,11748,533
4867,13910,623
4868,17963,830
4869,20410,1043
4870,25374,1375
4871,28768,1772
4872,35136,2311
4873,39885,2808
4874,39885,2808
4875,39885,2808
4876,39885,2808
4877,39885,2808
4878,39885,2808
4879,39885,2808
4880,39885,2808
4881,1073,28
4882,1073,28
4883,1073,28
4884,1073,28
4885,1073,28
4886,1073,28
4887,1073,28
4888,2,0
4889,6,0
4890,10,0
4891,18,0
4892,28,0
4893,44,0
4894,51,0
4895,60,0
4896,73,0
4897,77,0
4898,82,0
4899,97,0
4900,102,0
4901,102,0
4902,102,0
4903,102,0
4904,102,0
4905,102,0
4906,102,0
4907,102,0
4908,1,0
4909,1,0
4910,1,0
4911,1,0
4912,1,0
4913,1,0
4914,1,0
4915,0,0
4916,1,1
4917,1,1
4918,1,1
4919,1,1
4920,1,1
4921,2,1
4922,2,1
4923,2,1
4924,2,1
4925,2,1
4926,2,1
4927,3,1
4928,3,1
4929,3,1
4930,3,1
4931,3,1
4932,3,1
4933,3,1
4934,3,1
4935,0,0
4936,0,0
4937,0,0
4938,0,0
4939,0,0
4940,0,0
4941,0,0
4942,0,0
4943,0,0
4944,1,0
4945,1,0
4946,1,0
4947,1,0
4948,1,0
4949,1,0
4950,4,0
4951,4,0
4952,5,0
4953,5,0
4954,7,0
4955,7,0
4956,7,0
4957,7,0
4958,7,0
4959,7,0
4960,7,0
4961,7,0
4962,0,0
4963,0,0
4964,0,0
4965,0,0
4966,0,0
4967,0,0
4968,0,0
4969,599,1
4970,814,1
4971,961,2
4972,1022,3
4973,1103,6
4974,1190,7
4975,1279,10
4976,1439,11
4977,1639,16
4978,1763,20
4979,1934,21
4980,2046,25
4981,2286,36
4982,2286,36
4983,2286,36
4984,2286,36
4985,2286,36
4986,2286,36
4987,2286,36
4988,2286,36
4989,248,0
4990,248,0
4991,248,0
4992,248,0
4993,248,0
4994,248,0
4995,248,0
4996,652,4
4997,1139,11
4998,1359,13
4999,2200,14
5000,2200,14
5001,2700,27
5002,3028,28
5003,4075,41
5004,5294,54
5005,6575,75
5006,7245,98
5007,8795,120
5008,9877,122
5009,9877,122
5010,9877,122
5011,9877,122
5012,9877,122
5013,9877,122
5014,9877,122
5015,9877,122
5016,374,2
5017,374,2
5018,374,2
5019,374,2
5020,374,2
5021,374,2
5022,374,2
5023,49,1
5024,50,1
5025,53,1
5026,59,1
5027,67,1
5028,77,1
5029,100,1
5030,108,1
5031,135,2
5032,153,2
5033,169,2
5034,195,2
5035,215,2
5036,215,2
5037,215,2
5038,215,2
5039,215,2
5040,215,2
5041,215,2
5042,215,2
5043,45,1
5044,45,1
5045,45,1
5046,45,1
5047,45,1
5048,45,1
5049,45,1
5050,0,0
5051,0,0
5052,0,0
5053,0,0
5054,1,0
5055,1,0
5056,3,0
5057,6,0
5058,6,0
5059,6,0
5060,12,0
5061,12,0
5062,12,0
5063,12,0
5064,12,0
5065,12,0
5066,12,0
5067,12,0
5068,12,0
5069,12,0
5070,0,0
5071,0,0
5072,0,0
5073,0,0
5074,0,0
5075,0,0
5076,0,0
5077,70,1
5078,75,1
5079,82,1
5080,114,1
5081,147,1
5082,177,1
5083,212,1
5084,272,1
5085,322,1
5086,411,1
5087,599,1
5088,721,1
5089,827,4
5090,827,4
5091,827,4
5092,827,4
5093,827,4
5094,827,4
5095,827,4
5096,827,4
5097,50,1
5098,50,1
5099,50,1
5100,50,1
5101,50,1
5102,50,1
5103,50,1
5104,0,0
5105,0,0
5106,0,0
5107,0,0
5108,0,0
5109,0,0
5110,0,0
5111,0,0
5112,0,0
5113,0,0
5114,0,0
5115,0,0
5116,0,0
5117,0,0
5118,0,0
5119,0,0
5120,0,0
5121,0,0
5122,0,0
5123,0,0
5124,0,0
5125,0,0
5126,0,0
5127,0,0
5128,0,0
5129,0,0
5130,0,0
5131,1,0
5132,1,0
5133,1,0
5134,1,0
5135,1,0
5136,1,0
5137,1,0
5138,1,0
5139,9,0
5140,16,0
5141,16,0
5142,18,0
5143,20,0
5144,20,0
5145,20,0
5146,20,0
5147,20,0
5148,20,0
5149,20,0
5150,20,0
5151,1,0
5152,1,0
5153,1,0
5154,1,0
5155,1,0
5156,1,0
5157,1,0
5158,0,0
5159,0,0
5160,2,0
5161,2,0
5162,4,0
5163,5,0
5164,7,0
5165,9,0
5166,9,0
5167,49,0
5168,50,0
5169,51,0
5170,57,0
5171,57,0
5172,57,0
5173,57,0
5174,57,0
5175,57,0
5176,57,0
5177,57,0
5178,0,0
5179,0,0
5180,0,0
5181,0,0
5182,0,0
5183,0,0
5184,0,0
5185,7,0
5186,16,0
5187,18,0
5188,18,0
5189,20,0
5190,24,0
5191,29,0
5192,39,1
5193,54,1
5194,60,1
5195,75,3
5196,89,3
5197,114,4
5198,114,4
5199,114,4
5200,114,4
5201,114,4
5202,114,4
5203,114,4
5204,114,4
5205,2,0
5206,2,0
5207,2,0
5208,2,0
5209,2,0
5210,2,0
5211,2,0
5212,1,0
5213,5,0
5214,5,0
5215,6,0
5216,18,0
5217,47,1
5218,98,1
5219,192,3
5220,359,4
5221,670,9
5222,1236,30
5223,1529,37
5224,1872,44
5225,1872,44
5226,1872,44
5227,1872,44
5228,1872,44
5229,1872,44
5230,1872,44
5231,1872,44
5232,0,0
5233,0,0
5234,0,0
5235,0,0
5236,0,0
5237,0,0
5238,0,0
5239,0,0
5240,5,0
5241,6,0
5242,12,0
5243,29,0
5244,39,0
5245,46,0
5246,78,0
5247,83,0
5248,131,0
5249,138,0
5250,196,0
5251,242,0
5252,242,0
5253,242,0
5254,242,0
5255,242,0
5256,242,0
5257,242,0
5258,242,0
5259,0,0
5260,0,0
5261,0,0
5262,0,0
5263,0,0
5264,0,0
5265,0,0
5266,0,0
5267,1,0
5268,1,0
5269,1,0
5270,1,0
5271,3,0
5272,6,0
5273,9,0
5274,12,0
5275,15,0
5276,21,0
5277,30,0
5278,34,0
5279,34,0
5280,34,0
5281,34,0
5282,34,0
5283,34,0
5284,34,0
5285,34,0
5286,0,0
5287,0,0
5288,0,0
5289,0,0
5290,0,0
5291,0,0
5292,0,0
5293,9,0
5294,9,0
5295,12,0
5296,13,0
5297,18,0
5298,20,0
5299,27,0
5300,45,0
5301,78,0
5302,118,1
5303,152,2
5304,235,2
5305,326,5
5306,326,5
5307,326,5
5308,326,5
5309,326,5
5310,326,5
5311,326,5
5312,326,5
5313,0,0
5314,0,0
5315,0,0
5316,0,0
5317,0,0
5318,0,0
5319,0,0
5320,6,0
5321,6,0
5322,12,0
5323,16,0
5324,22,0
5325,22,0
5326,33,0
5327,62,0
5328,96,0
5329,122,0
5330,165,0
5331,192,0
5332,219,2
5333,219,2
5334,219,2
5335,219,2
5336,219,2
5337,219,2
5338,219,2
5339,219,2
5340,0,0
5341,0,0
5342,0,0
5343,0,0
5344,0,0
5345,0,0
5346,0,0
5347,221,4
5348,282,4
5349,340,5
5350,426,6
5351,557,7
5352,698,12
5353,751,13
5354,952,18
5355,1177,23
5356,1364,24
5357,1642,30
5358,2108,39
5359,2538,50
5360,2538,50
5361,2538,50
5362,2538,50
5363,2538,50
5364,2538,50
5365,2538,50
5366,2538,50
5367,0,0
5368,0,0
5369,0,0
5370,0,0
5371,0,0
5372,0,0
5373,0,0
5374,45,0
5375,49,0
5376,101,1
5377,131,1
5378,160,1
5379,160,2
5380,184,2
5381,277,4
5382,363,4
5383,390,4
5384,476,6
5385,704,7
5386,723,8
5387,723,8
5388,723,8
5389,723,8
5390,723,8
5391,723,8
5392,723,8
5393,723,8
5394,0,0
5395,0,0
5396,0,0
5397,0,0
5398,0,0
5399,0,0
5400,0,0
5401,5,0
5402,11,0
5403,22,0
5404,24,0
5405,30,0
5406,68,0
5407,68,0
5408,159,2
5409,194,3
5410,194,4
5411,223,5
5412,415,10
5413,618,12
5414,618,12
5415,618,12
5416,618,12
5417,618,12
5418,618,12
5419,618,12
5420,618,12
5421,0,0
5422,0,0
5423,0,0
5424,0,0
5425,0,0
5426,0,0
5427,0,0
5428,1,0
5429,4,0
5430,6,0
5431,7,0
5432,8,0
5433,16,0
5434,19,0
5435,30,0
5436,38,0
5437,45,0
5438,47,0
5439,68,0
5440,104,0
5441,104,0
5442,104,0
5443,104,0
5444,104,0
5445,104,0
5446,104,0
5447,104,0
5448,0,0
5449,0,0
5450,0,0
5451,0,0
5452,0,0
5453,0,0
5454,0,0
5455,10,0
5456,10,0
5457,10,0
5458,16,0
5459,22,0
5460,22,0
5461,31,0
5462,40,0
5463,71,1
5464,77,1
5465,102,2
5466,120,2
5467,141,2
5468,141,2
5469,141,2
5470,141,2
5471,141,2
5472,141,2
5473,141,2
5474,141,2
5475,0,0
5476,0,0
5477,0,0
5478,0,0
5479,0,0
5480,0,0
5481,0,0
5482,35,2
5483,50,2
5484,76,3
5485,115,4
5486,155,5
5487,216,6
5488,314,7
5489,417,9
5490,563,10
5491,659,13
5492,830,13
5493,1227,18
5494,1412,18
5495,1412,18
5496,1412,18
5497,1412,18
5498,1412,18
5499,1412,18
5500,1412,18
5501,1412,18
5502,0,0
5503,0,0
5504,0,0
5505,0,0
5506,0,0
5507,0,0
5508,0,0
5509,31,1
5510,42,1
5511,66,1
5512,99,1
5513,121,1
5514,146,1
5515,199,3
5516,287,10
5517,420,13
5518,507,14
5519,600,23
5520,772,25
5521,1026,32
5522,1026,32
5523,1026,32
5524,1026,32
5525,1026,32
5526,1026,32
5527,1026,32
5528,1026,32
5529,0,0
5530,0,0
5531,0,0
5532,0,0
5533,0,0
5534,0,0
5535,0,0
5536,0,0
5537,0,0
5538,0,0
5539,0,0
5540,3,0
5541,3,0
5542,5,0
5543,0,0
5544,14,0
5545,0,0
5546,0,0
5547,29,1
5548,32,1
5549,32,1
5550,32,1
5551,32,1
5552,32,1
5553,32,1
5554,32,1
5555,32,1
5556,0,0
5557,0,0
5558,0,0
5559,0,0
5560,0,0
5561,0,0
5562,0,0
5563,2,0
5564,2,0
5565,4,0
5566,6,0
5567,7,0
5568,10,0
5569,14,0
5570,16,0
5571,26,0
5572,37,0
5573,48,0
5574,56,0
5575,90,1
5576,90,1
5577,90,1
5578,90,1
5579,90,1
5580,90,1
5581,90,1
5582,90,1
5583,0,0
5584,0,0
5585,0,0
5586,0,0
5587,0,0
5588,0,0
5589,0,0
5590,0,0
5591,1,0
5592,2,0
5593,5,0
5594,5,0
5595,8,0
5596,9,0
5597,11,0
5598,23,0
5599,36,0
5600,42,0
5601,68,0
5602,81,0
5603,81,0
5604,81,0
5605,81,0
5606,81,0
5607,81,0
5608,81,0
5609,81,0
5610,0,0
5611,0,0
5612,0,0
5613,0,0
5614,0,0
5615,0,0
5616,0,0
5617,32,0
5618,46,0
5619,64,0
5620,93,0
5621,105,0
5622,161,1
5623,162,1
5624,422,4
5625,585,5
5626,753,6
5627,1049,9
5628,1285,12
5629,1537,16
5630,1537,16
5631,1537,16
5632,1537,16
5633,1537,16
5634,1537,16
5635,1537,16
5636,1537,16
5637,0,0
5638,0,0
5639,0,0
5640,0,0
5641,0,0
5642,0,0
5643,0,0
5644,13,0
5645,13,0
5646,16,0
5647,20,0
5648,25,1
5649,30,2
5650,39,2
5651,60,2
5652,86,2
5653,128,4
5654,201,6
5655,270,7
5656,368,12
5657,368,12
5658,368,12
5659,368,12
5660,368,12
5661,368,12
5662,368,12
5663,368,12
5664,0,0
5665,0,0
5666,0,0
5667,0,0
5668,0,0
5669,0,0
5670,0,0
5671,16,0
5672,17,0
5673,17,0
5674,18,0
5675,23,0
5676,23,0
5677,29,0
5678,44,0
5679,45,0
5680,68,0
5681,90,0
5682,105,0
5683,124,0
5684,124,0
5685,124,0
5686,124,0
5687,124,0
5688,124,0
5689,124,0
5690,124,0
5691,0,0
5692,0,0
5693,0,0
5694,0,0
5695,0,0
5696,0,0
5697,0,0
5698,1,0
5699,5,1
5700,8,1
5701,8,1
5702,11,1
5703,18,1
5704,18,1
5705,34,1
5706,44,1
5707,57,2
5708,64,2
5709,84,2
5710,100,2
5711,100,2
5712,100,2
5713,100,2
5714,100,2
5715,100,2
5716,100,2
5717,100,2
5718,0,0
5719,0,0
5720,0,0
5721,0,0
5722,0,0
5723,0,0
5724,0,0
5725,10,0
5726,14,0
5727,14,0
5728,20,0
5729,21,1
5730,26,1
5731,27,1
5732,37,2
5733,47,2
5734,87,3
5735,99,3
5736,123,4
5737,162,4
5738,162,4
5739,162,4
5740,162,4
5741,162,4
5742,162,4
5743,162,4
5744,162,4
5745,0,0
5746,0,0
5747,0,0
5748,0,0
5749,0,0
5750,0,0
5751,0,0
5752,19,0
5753,36,0
5754,77,1
5755,91,2
5756,136,3
5757,196,4
5758,257,4
5759,392,10
5760,538,14
5761,585,16
5762,837,20
5763,1172,35
5764,1388,46
5765,1388,46
5766,1388,46
5767,1388,46
5768,1388,46
5769,1388,46
5770,1388,46
5771,1388,46
5772,0,0
5773,0,0
5774,0,0
5775,0,0
5776,0,0
5777,0,0
5778,0,0
5779,0,0
5780,1,0
5781,3,0
5782,12,0
5783,17,0
5784,32,0
5785,42,0
5786,52,0
5787,56,0
5788,70,0
5789,89,0
5790,107,0
5791,118,0
5792,118,0
5793,118,0
5794,118,0
5795,118,0
5796,118,0
5797,118,0
5798,118,0
5799,0,0
5800,0,0
5801,0,0
5802,0,0
5803,0,0
5804,0,0
5805,0,0
5806,12,0
5807,18,0
5808,26,0
5809,32,0
5810,41,0
5811,60,0
5812,85,0
5813,107,1
5814,149,1
5815,193,2
5816,244,3
5817,290,3
5818,349,4
5819,349,4
5820,349,4
5821,349,4
5822,349,4
5823,349,4
5824,349,4
5825,349,4
5826,0,0
5827,0,0
5828,0,0
5829,0,0
5830,0,0
5831,0,0
5832,0,0
5833,108,0
5834,123,0
5835,138,0
5836,164,0
5837,197,0
5838,218,0
5839,218,0
5840,328,0
5841,413,1
5842,525,1
5843,646,5
5844,777,9
5845,1159,11
5846,1159,11
5847,1159,11
5848,1159,11
5849,1159,11
5850,1159,11
5851,1159,11
5852,1159,11
5853,0,0
5854,0,0
5855,0,0
5856,0,0
5857,0,0
5858,0,0
5859,0,0
5860,2,0
5861,16,0
5862,25,0
5863,33,0
5864,53,0
5865,65,0
5866,83,0
5867,334,3
5868,552,3
5869,788,5
5870,1037,9
5871,1329,15
5872,1793,24
5873,1793,24
5874,1793,24
5875,1793,24
5876,1793,24
5877,1793,24
5878,1793,24
5879,1793,24
5880,0,0
5881,0,0
5882,0,0
5883,0,0
5884,0,0
5885,0,0
5886,0,0
5887,9,0
5888,14,0
5889,21,0
5890,35,0
5891,54,0
5892,60,0
5893,77,0
5894,89,0
5895,115,0
5896,138,1
5897,169,1
5898,234,1
5899,261,1
5900,261,1
5901,261,1
5902,261,1
5903,261,1
5904,261,1
5905,261,1
5906,261,1
5907,0,0
5908,0,0
5909,0,0
5910,0,0
5911,0,0
5912,0,0
5913,0,0
5914,1,0
5915,1,0
5916,6,0
5917,10,0
5918,13,0
5919,21,0
5920,34,0
5921,50,1
5922,80,1
5923,140,1
5924,207,1
5925,249,1
5926,320,1
5927,320,1
5928,320,1
5929,320,1
5930,320,1
5931,320,1
5932,320,1
5933,320,1
5934,0,0
5935,0,0
5936,0,0
5937,0,0
5938,0,0
5939,0,0
5940,0,0
5941,1,0
5942,2,0
5943,4,0
5944,5,0
5945,6,0
5946,11,0
5947,18,0
5948,31,1
5949,53,2
5950,74,3
5951,100,3
5952,187,4
5953,257,7
5954,257,7
5955,257,7
5956,257,7
5957,257,7
5958,257,7
5959,257,7
5960,257,7
5961,0,0
5962,0,0
5963,0,0
5964,0,0
5965,0,0
5966,0,0
5967,0,0
5968,1,0
5969,1,0
5970,5,0
5971,7,0
5972,7,0
5973,9,0
5974,11,0
5975,11,0
5976,15,0
5977,21,0
5978,31,0
5979,34,0
5980,51,0
5981,51,0
5982,51,0
5983,51,0
5984,51,0
5985,51,0
5986,51,0
5987,51,0
5988,0,0
5989,0,0
5990,0,0
5991,0,0
5992,0,0
5993,0,0
5994,0,0
5995,10,0
5996,13,0
5997,14,0
5998,17,0
5999,18,0
6000,21,0
6001,24,0
6002,29,0
6003,37,0
6004,38,0
6005,51,0
6006,51,0
6007,66,0
6008,66,0
6009,66,0
6010,66,0
6011,66,0
6012,66,0
6013,66,0
6014,66,0
6015,0,0
6016,0,0
6017,0,0
6018,0,0
6019,0,0
6020,0,0
6021,0,0
6022,14,0
6023,17,0
6024,21,0
6025,24,0
6026,45,1
6027,56,1
6028,55,1
6029,95,1
6030,114,1
6031,161,2
6032,190,2
6033,245,4
6034,278,4
6035,278,4
6036,278,4
6037,278,4
6038,278,4
6039,278,4
6040,278,4
6041,278,4
6042,0,0
6043,0,0
6044,0,0
6045,0,0
6046,0,0
6047,0,0
6048,0,0
6049,6,0
6050,6,0
6051,7,0
6052,13,0
6053,17,0
6054,26,0
6055,26,0
6056,44,0
6057,44,0
6058,55,0
6059,65,0
6060,101,1
6061,101,1
6062,101,1
6063,101,1
6064,101,1
6065,101,1
6066,101,1
6067,101,1
6068,101,1
6069,0,0
6070,0,0
6071,0,0
6072,0,0
6073,0,0
6074,0,0
6075,0,0
6076,29,1
6077,29,1
6078,69,1
6079,98,2
6080,178,2
6081,267,3
6082,267,3
6083,742,9
6084,890,11
6085,1327,16
6086,1914,20
6087,2844,27
6088,3675,44
6089,3675,44
6090,3675,44
6091,3675,44
6092,3675,44
6093,3675,44
6094,3675,44
6095,3675,44
6096,0,0
6097,0,0
6098,0,0
6099,0,0
6100,0,0
6101,0,0
6102,0,0
6103,5,0
6104,10,0
6105,10,0
6106,13,0
6107,17,0
6108,23,0
6109,23,0
6110,35,0
6111,43,0
6112,43,0
6113,57,0
6114,83,0
6115,100,0
6116,100,0
6117,100,0
6118,100,0
6119,100,0
6120,100,0
6121,100,0
6122,100,0
6123,0,0
6124,0,0
6125,0,0
6126,0,0
6127,0,0
6128,0,0
6129,0,0
6130,328,0
6131,421,0
6132,525,2
6133,732,3
6134,967,10
6135,1706,13
6136,2495,16
6137,5365,34
6138,8310,42
6139,11710,60
6140,15793,117
6141,20884,158
6142,25681,210
6143,25681,210
6144,25681,210
6145,25681,210
6146,25681,210
6147,25681,210
6148,25681,210
6149,25681,210
6150,0,0
6151,0,0
6152,0,0
6153,0,0
6154,0,0
6155,0,0
6156,0,0
6157,15,0
6158,17,0
6159,24,0
6160,33,0
6161,38,0
6162,64,0
6163,70,0
6164,123,0
6165,172,0
6166,253,0
6167,302,0
6168,353,0
6169,495,0
6170,495,0
6171,495,0
6172,495,0
6173,495,0
6174,495,0
6175,495,0
6176,495,0
6177,0,0
6178,0,0
6179,0,0
6180,0,0
6181,0,0
6182,0,0
6183,0,0
6184,0,0
6185,0,0
6186,0,0
6187,0,0
6188,0,0
6189,0,0
6190,0,0
6191,0,0
6192,0,0
6193,0,0
6194,0,0
6195,0,0
6196,0,0
6197,0,0
6198,0,0
6199,0,0
6200,0,0
6201,0,0
6202,0,0
6203,0,0
6204,0,0
6205,0,0
6206,0,0
6207,0,0
6208,0,0
6209,0,0
6210,0,0
6211,5,0
6212,13,0
6213,26,0
6214,37,0
6215,50,0
6216,67,0
6217,86,0
6218,119,0
6219,173,2
6220,248,3
6221,355,3
6222,443,6
6223,567,8
6224,567,8
6225,567,8
6226,567,8
6227,567,8
6228,567,8
6229,567,8
6230,567,8
6231,0,0
6232,0,0
6233,0,0
6234,0,0
6235,0,0
6236,0,0
6237,0,0
6238,2,0
6239,2,0
6240,4,0
6241,7,0
6242,10,0
6243,19,0
6244,19,0
6245,44,1
6246,49,1
6247,53,1
6248,67,2
6249,81,2
6250,106,3
6251,106,3
6252,106,3
6253,106,3
6254,106,3
6255,106,3
6256,106,3
6257,106,3
6258,0,0
6259,0,0
6260,0,0
6261,0,0
6262,0,0
6263,0,0
6264,0,0
6265,0,0
6266,0,0
6267,0,0
6268,0,0
6269,0,0
6270,0,0
6271,0,0
6272,0,0
6273,0,0
6274,0,0
6275,0,0
6276,0,0
6277,0,0
6278,0,0
6279,0,0
6280,0,0
6281,0,0
6282,0,0
6283,0,0
6284,0,0
6285,0,0
6286,0,0
6287,0,0
6288,0,0
6289,0,0
6290,0,0
6291,0,0
6292,22,0
6293,41,0
6294,47,0
6295,66,0
6296,77,0
6297,112,0
6298,152,0
6299,206,1
6300,303,1
6301,396,2
6302,509,3
6303,698,6
6304,946,8
6305,946,8
6306,946,8
6307,946,8
6308,946,8
6309,946,8
6310,946,8
6311,946,8
6312,0,0
6313,0,0
6314,0,0
6315,0,0
6316,0,0
6317,0,0
6318,0,0
6319,0,0
6320,0,0
6321,3,0
6322,5,0
6323,5,0
6324,5,0
6325,5,0
6326,5,0
6327,14,0
6328,21,1
6329,23,1
6330,31,2
6331,39,2
6332,39,2
6333,39,2
6334,39,2
6335,39,2
6336,39,2
6337,39,2
6338,39,2
6339,0,0
6340,0,0
6341,0,0
6342,0,0
6343,0,0
6344,0,0
6345,0,0
6346,5,0
6347,14,0
6348,20,0
6349,20,0
6350,21,0
6351,23,0
6352,33,0
6353,44,0
6354,54,0
6355,66,0
6356,83,0
6357,106,0
6358,124,0
6359,124,0
6360,124,0
6361,124,0
6362,124,0
6363,124,0
6364,124,0
6365,124,0
6366,0,0
6367,0,0
6368,0,0
6369,0,0
6370,0,0
6371,0,0
6372,0,0
6373,12,0
6374,13,0
6375,19,0
6376,28,0
6377,33,1
6378,47,1
6379,47,1
6380,81,1
6381,126,1
6382,171,3
6383,196,3
6384,298,5
6385,342,5
6386,342,5
6387,342,5
6388,342,5
6389,342,5
6390,342,5
6391,342,5
6392,342,5
6393,0,0
6394,0,0
6395,0,0
6396,0,0
6397,0,0
6398,0,0
6399,0,0
6400,8,1
6401,8,1
6402,9,1
6403,9,1
6404,10,1
6405,11,1
6406,11,1
6407,11,1
6408,14,1
6409,14,1
6410,21,1
6411,28,1
6412,30,1
6413,30,1
6414,30,1
6415,30,1
6416,30,1
6417,30,1
6418,30,1
6419,30,1
6420,0,0
6421,0,0
6422,0,0
6423,0,0
6424,0,0
6425,0,0
6426,0,0
6427,18,0
6428,26,0
6429,32,0
6430,39,0
6431,52,0
6432,74,0
6433,79,0
6434,154,0
6435,233,0
6436,371,1
6437,505,2
6438,614,2
6439,772,2
6440,772,2
6441,772,2
6442,772,2
6443,772,2
6444,772,2
6445,772,2
6446,772,2
6447,0,0
6448,0,0
6449,0,0
6450,0,0
6451,0,0
6452,0,0
6453,0,0
6454,27,0
6455,43,0
6456,57,0
6457,72,0
6458,85,0
6459,110,1
6460,173,3
6461,260,5
6462,394,5
6463,581,5
6464,627,6
6465,758,9
6466,955,12
6467,955,12
6468,955,12
6469,955,12
6470,955,12
6471,955,12
6472,955,12
6473,955,12
6474,0,0
6475,0,0
6476,0,0
6477,0,0
6478,0,0
6479,0,0
6480,0,0
6481,5,0
6482,9,0
6483,10,0
6484,28,0
6485,39,0
6486,51,0
6487,51,0
6488,80,0
6489,78,0
6490,136,0
6491,181,1
6492,257,1
6493,298,1
6494,298,1
6495,298,1
6496,298,1
6497,298,1
6498,298,1
6499,298,1
6500,298,1
6501,0,0
6502,0,0
6503,0,0
6504,0,0
6505,0,0
6506,0,0
6507,0,0
6508,2,0
6509,2,0
6510,5,0
6511,8,0
6512,12,0
6513,12,0
6514,18,0
6515,22,0
6516,29,2
6517,29,2
6518,52,2
6519,75,5
6520,95,7
6521,95,7
6522,95,7
6523,95,7
6524,95,7
6525,95,7
6526,95,7
6527,95,7
6528,0,0
6529,0,0
6530,0,0
6531,0,0
6532,0,0
6533,0,0
6534,0,0
6535,0,0
6536,0,0
6537,1,0
6538,1,0
6539,1,0
6540,2,0
6541,2,0
6542,3,0
6543,3,0
6544,3,0
6545,3,0
6546,7,0
6547,17,0
6548,17,0
6549,17,0
6550,17,0
6551,17,0
6552,17,0
6553,17,0
6554,17,0
6555,0,0
6556,0,0
6557,0,0
6558,0,0
6559,0,0
6560,0,0
6561,0,0
6562,17,0
6563,30,0
6564,41,1
6565,45,1
6566,49,1
6567,67,2
6568,77,2
6569,99,2
6570,122,2
6571,156,2
6572,221,6
6573,254,6
6574,293,9
6575,293,9
6576,293,9
6577,293,9
6578,293,9
6579,293,9
6580,293,9
6581,293,9
6582,0,0
6583,0,0
6584,0,0
6585,0,0
6586,0,0
6587,0,0
6588,0,0
6589,442,31
6590,568,37
6591,572,37
6592,643,40
6593,904,48
6594,1076,55
6595,1014,55
6596,1376,74
6597,1524,83
6598,1793,94
6599,1996,95
6600,2221,109
6601,2328,116
6602,2328,116
6603,2328,116
6604,2328,116
6605,2328,116
6606,2328,116
6607,2328,116
6608,2328,116
6609,0,0
6610,0,0
6611,0,0
6612,0,0
6613,0,0
6614,0,0
6615,0,0
6616,0,0
6617,0,0
6618,0,0
6619,0,0
6620,0,0
6621,1,0
6622,1,0
6623,2,0
6624,7,0
6625,8,0
6626,12,0
6627,16,0
6628,22,0
6629,22,0
6630,22,0
6631,22,0
6632,22,0
6633,22,0
6634,22,0
6635,22,0
6636,0,0
6637,0,0
6638,0,0
6639,0,0
6640,0,0
6641,0,0
6642,0,0
6643,8,0
6644,19,0
6645,27,0
6646,32,0
6647,47,0
6648,72,0
6649,92,0
6650,159,0
6651,207,3
6652,282,4
6653,381,4
6654,425,5
6655,481,5
6656,481,5
6657,481,5
6658,481,5
6659,481,5
6660,481,5
6661,481,5
6662,481,5
6663,0,0
6664,0,0
6665,0,0
6666,0,0
6667,0,0
6668,0,0
6669,0,0
6670,1,0
6671,1,0
6672,2,0
6673,3,0
6674,3,0
6675,11,0
6676,15,0
6677,18,0
6678,19,0
6679,23,0
6680,24,0
6681,26,0
6682,29,0
6683,29,0
6684,29,0
6685,29,0
6686,29,0
6687,29,0
6688,29,0
6689,29,0
6690,0,0
6691,0,0
6692,0,0
6693,0,0
6694,0,0
6695,0,0
6696,0,0
6697,1,0
6698,3,1
6699,3,1
6700,3,1
6701,7,1
6702,14,2
6703,14,2
6704,16,2
6705,29,3
6706,47,3
6707,73,3
6708,73,3
6709,97,3
6710,97,3
6711,97,3
6712,97,3
6713,97,3
6714,97,3
6715,97,3
6716,97,3
6717,1,0
6718,1,0
6719,1,0
6720,1,0
6721,1,0
6722,1,0
6723,1,0
6724,85,0
6725,85,0
6726,85,0
6727,98,0
6728,98,0
6729,98,0
6730,113,0
6731,140,0
6732,140,2
6733,153,2
6734,153,2
6735,198,2
6736,248,2
6737,248,2
6738,248,2
6739,248,2
6740,248,2
6741,248,2
6742,248,2
6743,248,2
6744,45,0
6745,45,0
6746,45,0
6747,45,0
6748,45,0
6749,45,0
6750,45,0
6751,0,0
6752,1,0
6753,1,0
6754,1,0
6755,1,1
6756,1,1
6757,1,1
6758,3,1
6759,3,1
6760,3,1
6761,3,1
6762,5,1
6763,6,1
6764,6,1
6765,6,1
6766,6,1
6767,6,1
6768,6,1
6769,6,1
6770,6,1
6771,0,0
6772,0,0
6773,0,0
6774,0,0
6775,0,0
6776,0,0
6777,0,0
6778,2,0
6779,2,0
6780,2,0
6781,3,0
6782,6,0
6783,6,0
6784,6,0
6785,11,0
6786,14,0
6787,32,0
6788,32,0
6789,36,0
6790,36,0
6791,36,0
6792,36,0
6793,36,0
6794,36,0
6795,36,0
6796,36,0
6797,36,0
6798,0,0
6799,0,0
6800,0,0
6801,0,0
6802,0,0
6803,0,0
6804,0,0
6805,1,0
6806,1,0
6807,1,0
6808,1,0
6809,1,0
6810,3,0
6811,8,0
6812,10,0
6813,10,0
6814,10,0
6815,15,0
6816,15,0
6817,15,0
6818,15,0
6819,15,0
6820,15,0
6821,15,0
6822,15,0
6823,15,0
6824,15,0
6825,1,0
6826,1,0
6827,1,0
6828,1,0
6829,1,0
6830,1,0
6831,1,0
6832,0,0
6833,0,0
6834,0,0
6835,0,0
6836,0,0
6837,0,0
6838,1,0
6839,1,0
6840,1,0
6841,1,0
6842,1,0
6843,1,0
6844,1,0
6845,1,0
6846,1,0
6847,1,0
6848,1,0
6849,1,0
6850,1,0
6851,1,0
6852,0,0
6853,0,0
6854,0,0
6855,0,0
6856,0,0
6857,0,0
6858,0,0
6859,456,8
6860,798,8
6861,1140,21
6862,1140,21
6863,1543,55
6864,1950,55
6865,2626,71
6866,2689,137
6867,3983,177
6868,5018,233
6869,5683,281
6870,6650,335
6871,8077,422
6872,8077,422
6873,8077,422
6874,8077,422
6875,8077,422
6876,8077,422
6877,8077,422
6878,8077,422
6879,321,4
6880,321,4
6881,321,4
6882,321,4
6883,321,4
6884,321,4
6885,321,4
6886,0,0
6887,0,0
6888,4,0
6889,4,0
6890,8,0
6891,29,0
6892,50,0
6893,79,0
6894,94,0
6895,110,0
6896,135,0
6897,158,0
6898,162,0
6899,162,0
6900,162,0
6901,162,0
6902,162,0
6903,162,0
6904,162,0
6905,162,0
6906,0,0
6907,0,0
6908,0,0
6909,0,0
6910,0,0
6911,0,0
6912,0,0
6913,0,0
6914,0,0
6915,0,0
6916,1,0
6917,6,0
6918,10,0
6919,15,0
6920,23,0
6921,33,0
6922,43,0
6923,43,0
6924,46,0
6925,50,0
6926,50,0
6927,50,0
6928,50,0
6929,50,0
6930,50,0
6931,50,0
6932,50,0
6933,0,0
6934,0,0
6935,0,0
6936,0,0
6937,0,0
6938,0,0
6939,0,0
6940,0,0
6941,0,0
6942,2,0
6943,10,0
6944,17,0
6945,33,0
6946,36,0
6947,42,0
6948,42,0
6949,70,0
6950,70,0
6951,77,0
6952,84,0
6953,84,0
6954,84,0
6955,84,0
6956,84,0
6957,84,0
6958,84,0
6959,84,0
6960,0,0
6961,0,0
6962,0,0
6963,0,0
6964,0,0
6965,0,0
6966,0,0
6967,39,0
6968,47,0
6969,53,0
6970,56,0
6971,61,0
6972,66,0
6973,75,0
6974,85,0
6975,91,0
6976,94,0
6977,113,0
6978,123,0
6979,134,0
6980,134,0
6981,134,0
6982,134,0
6983,134,0
6984,134,0
6985,134,0
6986,134,0
6987,30,0
6988,30,0
6989,30,0
6990,30,0
6991,30,0
6992,30,0
6993,30,0
6994,0,0
6995,0,0
6996,0,0
6997,0,0
6998,0,0
6999,0,0
7000,2,0
7001,2,0
7002,2,0
7003,2,0
7004,3,0
7005,3,0
7006,3,0
7007,3,0
7008,3,0
7009,3,0
7010,3,0
7011,3,0
7012,3,0
7013,3,0
7014,0,0
7015,0,0
7016,0,0
7017,0,0
7018,0,0
7019,0,0
7020,0,0
